code,clinton_diff
us-al-001,-7.5111679970839065
us-al-003,19.3856010082445
us-al-005,-6.199609601735162
us-al-007,-1.5207579354691054
us-al-009,-1.2097180491268524
us-al-011,-3.452543558492438
us-al-013,-6.422674177863036
us-al-015,-1.96374295070601
us-al-017,-0.6364664664507191
us-al-019,-1.9189146170126625
us-al-021,-1.0496086101910858
us-al-023,-55.24042095045508
us-al-025,-19.552905107811004
us-al-027,-1.4262156925200413
us-al-029,-1.609153280259254
us-al-031,-9.436567957834214
us-al-033,29.34778246036524
us-al-035,-5.482364139012629
us-al-037,-0.6568292190332614
us-al-039,-9.905951926555401
us-al-041,-10.379755072200613
us-al-043,10.028252316954031
us-al-045,-10.192396327029993
us-al-047,-30.361976886653032
us-al-049,14.02462634554325
us-al-051,-6.9540692733299885
us-al-053,31.020545638262043
us-al-055,23.64369169459288
us-al-057,16.5110922536065
us-al-059,18.24750830564784
us-al-061,-18.47290207618538
us-al-063,-17.17551658136084
us-al-065,-39.021877240201064
us-al-067,-12.026956461136223
us-al-069,-11.63602566465402
us-al-071,-5.048870279598414
us-al-073,-4.9232186143358
us-al-075,14.872236577662933
us-al-077,-5.438007952181723
us-al-079,24.458830669633823
us-al-081,-0.48857048228415634
us-al-083,-2.5120494879118107
us-al-085,-25.77970914590546
us-al-087,0.6206721297974171
us-al-089,-1.1678252803241251
us-al-091,-47.068895249757624
us-al-093,11.028958718422674
us-al-095,13.92286782195039
us-al-097,41.7895413258306
us-al-099,42.177003212929606
us-al-101,-1.7613330546403239
us-al-103,-1.9178824993293486
us-al-105,-26.703243332675097
us-al-107,-53.10601689045528
us-al-109,-7.809138810510468
us-al-111,-1.615082985008115
us-al-113,0.3858810229970644
us-al-115,-1.3455689984001902
us-al-117,0.22679334716731725
us-al-119,-25.16664767223702
us-al-121,-0.7852130539694802
us-al-123,-0.8643512617784954
us-al-125,-20.455461701446936
us-al-127,15.258550488599349
us-al-129,27.82139927340912
us-al-131,-28.142737460499667
us-al-133,8.455347619509357
us-az-001,-4.259338445530014
us-az-003,3.07815892431218
us-az-005,-5.451280309711937
us-az-007,-16.352943952588543
us-az-009,-20.439018286816022
us-az-011,-24.82068573100114
us-az-012,-3.144108863064965
us-az-013,4.827651267444855
us-az-015,-3.1199806772569034
us-az-017,-8.586407372721405
us-az-019,-1.1006667101469358
us-az-021,-2.7472102448762525
us-az-023,-26.53334328002591
us-az-025,-1.6407855304133134
us-az-027,-17.61948846183401
us-ar-001,31.2137797810689
us-ar-003,29.79091921316343
us-ar-005,21.091773752909035
us-ar-007,28.92361398000496
us-ar-009,18.16150456210043
us-ar-011,36.05255954010402
us-ar-013,28.162185985015427
us-ar-015,31.065253764640268
us-ar-017,56.27394636015326
us-ar-019,42.45836265540699
us-ar-021,23.057692307692307
us-ar-023,17.385188249896565
us-ar-025,21.556350626118068
us-ar-027,35.332508157983575
us-ar-029,1.1823789597582735
us-ar-031,29.623590925702075
us-ar-033,19.99109131403118
us-ar-035,52.720661985957875
us-ar-037,29.080593540878674
us-ar-039,42.042583904727536
us-ar-041,52.337326755931414
us-ar-043,35.860500379075056
us-ar-045,2.157989016812839
us-ar-047,20.32496307237814
us-ar-049,22.35959765297569
us-ar-051,30.17032226442838
us-ar-053,18.441907320349227
us-ar-055,21.034246575342465
us-ar-057,33.721095190807205
us-ar-059,26.364701942397854
us-ar-061,28.904578519469403
us-ar-063,21.162039077420303
us-ar-065,20.429515418502202
us-ar-067,30.70209464701319
us-ar-069,60.90986328879278
us-ar-071,26.635206321334504
us-ar-073,36.08391608391609
us-ar-075,22.21635883905013
us-ar-077,57.33641771315268
us-ar-079,32.723470987977
us-ar-081,26.72661182322556
us-ar-083,21.651306653200354
us-ar-085,20.900369003690038
us-ar-087,23.212980558397895
us-ar-089,20.17728999577881
us-ar-091,26.5552172021627
us-ar-093,42.94153286882762
us-ar-095,45.49237170596394
us-ar-097,21.01713964596797
us-ar-099,35.64386937769562
us-ar-101,18.62509992006395
us-ar-103,43.49270256668344
us-ar-105,1.7569919207213625
us-ar-107,61.9876312383144
us-ar-109,17.20673197689023
us-ar-111,24.346024346024343
us-ar-113,14.724820799416838
us-ar-115,22.154282422792328
us-ar-117,23.635307781649246
us-ar-119,7.494417231885136
us-ar-121,22.338924596331715
us-ar-123,54.25302826379542
us-ar-125,2.577915102111994
us-ar-127,17.150997150997153
us-ar-129,16.121244635193133
us-ar-131,27.55561529672693
us-ar-133,23.56422621657168
us-ar-135,20.306249137812113
us-ar-137,21.413314346742613
us-ar-139,34.657274772108444
us-ar-141,-0.1628076718451943
us-ar-143,40.759335947520796
us-ar-145,1.9390348202547787
us-ar-147,43.48502528199144
us-ar-149,22.98493554899829
us-ca-001,-6.739191038323311
us-ca-003,-0.18663113929316966
us-ca-005,0.05579006635553774
us-ca-007,-5.35829558087923
us-ca-009,-1.0629490407305708
us-ca-011,-8.13199151177354
us-ca-013,-1.7566345112372872
us-ca-015,-16.129356360390567
us-ca-017,0.8364477124785219
us-ca-019,7.3693556369412105
us-ca-021,-0.4013165246370465
us-ca-023,-15.75859344114261
us-ca-025,-1.3642029247413756
us-ca-027,0.6754304555977586
us-ca-029,6.5714466893837695
us-ca-031,10.860626616559049
us-ca-033,-16.350869285936685
us-ca-035,-2.522231678056028
us-ca-037,-6.171508535979731
us-ca-039,2.252142734887108
us-ca-041,-4.929890542640791
us-ca-043,-0.47839911912994637
us-ca-045,-13.76661276607295
us-ca-047,-0.9941368041479937
us-ca-049,-3.191460360096718
us-ca-051,2.181215491509525
us-ca-053,-0.9002150073264215
us-ca-055,-12.585091724693509
us-ca-057,-4.238324159824275
us-ca-059,-0.04867909802142023
us-ca-061,2.619858304876815
us-ca-063,-2.145282706170887
us-ca-065,-4.558691586658009
us-ca-067,-2.8515969539449126
us-ca-069,-2.3179882326641255
us-ca-071,0.27552953775091815
us-ca-073,-0.20229219839300594
us-ca-075,3.8664511207607055
us-ca-077,-0.323368430724158
us-ca-079,1.201513067978921
us-ca-081,-3.555471058063464
us-ca-083,3.5476046340936596
us-ca-085,-6.833474482797042
us-ca-087,-1.9809208182561822
us-ca-089,-6.172732224254735
us-ca-091,-3.2524822564911737
us-ca-093,-3.666460846301589
us-ca-095,-6.337541330193774
us-ca-097,-7.373028948052884
us-ca-099,-0.503525547709599
us-ca-101,-9.909680807169124
us-ca-103,-5.178509292307165
us-ca-105,-13.947226939465757
us-ca-107,8.261009691182863
us-ca-109,-1.6467899270534658
us-ca-111,-2.3719457938674804
us-ca-113,-4.756904070963797
us-ca-115,-10.530031163574627
us-co-001,-1.5991291678100261
us-co-003,-3.5618068878150835
us-co-005,6.983185253702312
us-co-007,-1.629504581682062
us-co-009,-1.1412646805122413
us-co-011,-2.6098047740955033
us-co-013,0.9193733423298767
us-co-014,-0.5398578417239008
us-co-015,1.8844575633654104
us-co-017,0.18620655952627657
us-co-019,-2.4341896559391674
us-co-021,-6.078209374715893
us-co-023,-4.667275022051387
us-co-025,-0.9841507102665015
us-co-027,0.37982575104559824
us-co-029,-3.868292876200588
us-co-031,1.1150942356387472
us-co-033,-11.895527546116677
us-co-035,5.928677603463051
us-co-037,0.04528139999593339
us-co-039,1.7015639075703526
us-co-041,2.6738308073149697
us-co-043,-0.34933563693080594
us-co-045,-3.2099153225194135
us-co-047,-4.711580288342033
us-co-049,-1.7233488795835195
us-co-051,-6.334388575356098
us-co-053,-3.666882537237676
us-co-055,0.9755317594843049
us-co-057,-3.4926662354733047
us-co-059,-2.192130894438371
us-co-061,-13.366328987735443
us-co-063,0.6575219723023801
us-co-065,-5.644213816817755
us-co-067,-1.1450102747841973
us-co-069,-1.5392883866541751
us-co-071,-2.194980847676542
us-co-073,0.6784739521544875
us-co-075,1.1155635131224306
us-co-077,0.6416966253001533
us-co-079,-8.181556748466257
us-co-081,-3.99531090943237
us-co-083,-5.276373558940839
us-co-085,-0.017107360909246472
us-co-087,1.61286034099041
us-co-089,-0.16980485689239155
us-co-091,-0.5492996429552366
us-co-093,-0.6279906680501046
us-co-095,1.6986054471997247
us-co-097,-2.0041778621421424
us-co-099,-8.62023135162881
us-co-101,4.267878153849369
us-co-103,-1.8996322734155329
us-co-105,-3.7550944869268523
us-co-107,0.8037443393259625
us-co-109,-8.764556782860195
us-co-111,1.965037436935635
us-co-113,-0.2590206505377779
us-co-115,2.288957465777636
us-co-117,-1.667339699761372
us-co-119,0.7415269935609897
us-co-121,1.413039928303865
us-co-123,2.4174332244498444
us-co-125,1.2038684468931526
us-ct-001,-2.36689398158626
us-ct-003,-5.252131019168271
us-ct-005,-9.84680235501376
us-ct-007,-10.755590374370016
us-ct-009,-12.068219444531735
us-ct-011,-17.41810313774885
us-ct-013,-12.179868025011476
us-ct-015,-18.26343245920587
us-de-001,-1.9015107168896317
us-de-003,-1.8883552964179207
us-de-005,-3.9755177447256154
us-dc-001,
us-dc-001,
us-fl-001,2.5323832995678197
us-fl-003,-7.031369115352221
us-fl-005,2.007432678915827
us-fl-007,-2.026807465001676
us-fl-009,5.186865106337269
us-fl-011,1.6507305007176232
us-fl-013,-2.140029361928941
us-fl-015,1.3446382510802213
us-fl-017,0.1742856000998605
us-fl-019,1.0519829769118694
us-fl-021,4.7075199570095485
us-fl-023,-1.8831825884042475
us-fl-027,-0.11355483037066016
us-fl-029,-3.0181833548651946
us-fl-031,4.812011338565481
us-fl-033,-1.7916957313174053
us-fl-035,-0.44262413215164775
us-fl-037,-1.7578408135572265
us-fl-039,-8.879942950990504
us-fl-041,-1.5506122423841084
us-fl-043,0.13316532025114958
us-fl-045,-0.4202122687521598
us-fl-047,-13.164804441967998
us-fl-049,-1.4045913088428175
us-fl-051,0.4081967913678708
us-fl-053,-0.9438664966224475
us-fl-055,1.5398815416957312
us-fl-057,-2.219712061821333
us-fl-059,-4.3314209679123055
us-fl-061,5.178884249329424
us-fl-063,-0.891696599782893
us-fl-065,-11.143939212870112
us-fl-067,-2.9021481979087578
us-fl-069,0.8265872899165583
us-fl-071,2.6658217164051035
us-fl-073,-1.5120376712672412
us-fl-075,-1.1547520878360362
us-fl-077,-5.752786407766989
us-fl-079,-9.145177755442708
us-fl-081,2.8960228166315325
us-fl-083,-0.17103015758510032
us-fl-085,1.588671541480402
us-fl-086,20.747754887919672
us-fl-087,7.1504163787866615
us-fl-089,4.000217888649097
us-fl-091,-3.8808896249476503
us-fl-093,1.4383546116830015
us-fl-095,-1.869925807957895
us-fl-097,-2.3593237955517266
us-fl-099,-2.143815761297896
us-fl-101,5.443763985110545
us-fl-103,1.1950148059667043
us-fl-105,-1.6364315281840847
us-fl-107,-5.911851895255404
us-fl-109,4.367674169913288
us-fl-111,-0.3686713419368659
us-fl-113,-2.801021297486514
us-fl-115,2.6888623358781674
us-fl-117,-0.3886403500258373
us-fl-119,2.0137834733644446
us-fl-121,-1.5258769738967004
us-fl-123,-3.75838370456239
us-fl-125,-2.462773868806739
us-fl-127,-1.6215653745514091
us-fl-129,-2.5131463519489747
us-fl-131,-3.0555431518909244
us-fl-133,0.02844442518160628
us-ga-001,0.9497594253076197
us-ga-003,-0.37481542194380824
us-ga-005,15.124378109452735
us-ga-007,-10.202991452991455
us-ga-009,49.45395879870936
us-ga-011,9.806451612903226
us-ga-013,22.64280798348245
us-ga-015,-0.3076616566849738
us-ga-017,2.218849401515055
us-ga-019,0.20728171492172542
us-ga-021,-1.3255473825723674
us-ga-023,1.1976670592926704
us-ga-025,9.823837486113316
us-ga-027,1.4131854825861156
us-ga-029,26.45488697027615
us-ga-031,2.0573161500295756
us-ga-033,2.526609029717608
us-ga-035,26.9707799033004
us-ga-037,-10.280531908974577
us-ga-039,31.374001375588595
us-ga-043,1.5837879620727913
us-ga-045,-0.13557380595408675
us-ga-047,17.830848002391896
us-ga-049,25.0
us-ga-051,55.545647482655916
us-ga-053,-8.121205637720303
us-ga-055,19.546776539020843
us-ga-057,1.3292426821830405
us-ga-059,65.8195482034863
us-ga-061,-8.166107262729415
us-ga-063,-10.763196464893522
us-ga-065,27.94297352342159
us-ga-067,-2.3792004490777954
us-ga-069,0.30599899766654004
us-ga-071,2.7682188537475865
us-ga-073,4.657068037297127
us-ga-075,2.3161214187328527
us-ga-077,0.9381544845954937
us-ga-079,-9.951859296111532
us-ga-081,-10.434607587680933
us-ga-083,15.459788529317525
us-ga-085,12.307692307692308
us-ga-087,-8.824159032708145
us-ga-089,1.827750503141523
us-ga-091,1.675496325290532
us-ga-093,-10.801874769400733
us-ga-095,-2.9925353279589784
us-ga-097,-46.30052998025563
us-ga-099,-13.671073201947303
us-ga-101,13.19796954314721
us-ga-103,12.70793036919104
us-ga-105,31.78915738074371
us-ga-107,2.6427510803720744
us-ga-109,3.1214668336040194
us-ga-111,16.280054182187605
us-ga-113,-3.0072012913247406
us-ga-115,26.46497919556172
us-ga-117,7.974541626674542
us-ga-119,14.620089390731591
us-ga-121,3.2141994997598067
us-ga-123,15.38401315274407
us-ga-125,9.928057553956835
us-ga-127,34.36651781805446
us-ga-129,16.778311092357193
us-ga-131,-12.471114706285258
us-ga-133,36.138725711703565
us-ga-135,5.719337210721403
us-ga-137,15.286584990457428
us-ga-139,22.887373751662093
us-ga-141,75.44692737430168
us-ga-143,12.987584749493704
us-ga-145,1.545903489018316
us-ga-147,25.55105268360186
us-ga-149,-0.8020990175096832
us-ga-151,-10.40169420542253
us-ga-153,1.8558619337724402
us-ga-155,1.2595934712512942
us-ga-157,16.51710187568959
us-ga-159,25.54177005789909
us-ga-161,-0.0558804542850011
us-ga-163,54.83639494833524
us-ga-165,2.3605735421339147
us-ga-167,30.81931633206728
us-ga-169,0.9785506946103084
us-ga-171,0.11890503219983417
us-ga-173,0.6995401909676624
us-ga-175,2.060375342282772
us-ga-177,-6.734354466322956
us-ga-179,59.19593631914761
us-ga-181,31.033642125792298
us-ga-183,33.03376244838475
us-ga-185,1.7298782843315152
us-ga-187,17.867203219315893
us-ga-189,39.91152352179543
us-ga-191,39.01406064712858
us-ga-193,-6.936509229879439
us-ga-195,20.211701950325054
us-ga-197,-10.860940357895144
us-ga-199,0.9659064811214424
us-ga-201,-12.508977891742253
us-ga-205,-10.438799114068292
us-ga-207,2.028185751216216
us-ga-209,1.8908105317501285
us-ga-211,28.105540897097626
us-ga-213,14.448547118317547
us-ga-215,-2.5455707367741054
us-ga-217,1.8435509530473737
us-ga-219,27.698645094049333
us-ga-221,27.434821696134254
us-ga-223,27.77777777777778
us-ga-225,-4.687713234892738
us-ga-227,14.097449779170823
us-ga-229,12.351251538777184
us-ga-231,0.16294000835835043
us-ga-233,20.168835736897645
us-ga-235,3.7247491648320974
us-ga-237,29.06829679595278
us-ga-239,-14.321843018196285
us-ga-241,18.06806806806807
us-ga-243,-12.110983583941948
us-ga-245,3.1211843048814414
us-ga-247,-1.5160650055710212
us-ga-249,-10.962322927231588
us-ga-251,2.877510512282855
us-ga-253,-10.503878803273409
us-ga-255,0.8060601121573807
us-ga-257,18.716250636780437
us-ga-259,-13.958656619329767
us-ga-261,-7.748924804324497
us-ga-263,-5.258538489927089
us-ga-265,60.758082497212925
us-ga-267,2.14661871993542
us-ga-269,-10.538950141269943
us-ga-271,0.08079777582218894
us-ga-273,-8.442575481768156
us-ga-275,1.7826209982369723
us-ga-277,5.5355487815726185
us-ga-279,1.4956055283401577
us-ga-281,17.88882318154938
us-ga-283,3.2495184150433065
us-ga-285,2.4147260996459643
us-ga-287,5.562219898894938
us-ga-289,1.215254895602852
us-ga-291,16.272900605156263
us-ga-293,1.0433436494500847
us-ga-295,17.594757054600098
us-ga-297,20.374465575703965
us-ga-299,28.233749179251475
us-ga-301,56.29820051413882
us-ga-303,49.63952251506914
us-ga-305,19.600499375780274
us-ga-307,-10.584523984877498
us-ga-309,1.4542850696930731
us-ga-311,14.15884293326567
us-ga-313,25.88883814991193
us-ga-315,3.2495758514284434
us-ga-317,41.19482835488186
us-ga-319,1.9839812605159601
us-ga-321,0.7353692388777006
us-hi-001,-18.06966868207255
us-hi-003,-12.334237710856144
us-hi-007,-20.413730885327563
us-hi-009,-18.03681327016723
us-id-001,-1.5223520715081262
us-id-003,-9.40756949994752
us-id-005,-3.946852201218809
us-id-007,-2.3372957849450273
us-id-009,-5.944979118119342
us-id-011,-0.992164139782728
us-id-013,7.123067590757703
us-id-015,-10.450152199725343
us-id-017,-5.520638608986772
us-id-019,0.00979417618065248
us-id-021,-4.427642409439733
us-id-023,-0.8807588075880751
us-id-025,-2.8705621517547186
us-id-027,-7.117120710733346
us-id-029,-2.866908175034462
us-id-031,-0.8076564957366583
us-id-033,1.8292916278654425
us-id-035,-7.464511812766156
us-id-037,0.023813185559287686
us-id-039,-1.0590762714818402
us-id-041,-1.7703342498127814
us-id-043,-1.5513433245566963
us-id-045,-9.564552005137259
us-id-047,-1.4417132365175667
us-id-049,-6.4549635986589
us-id-051,-2.5574408879780632
us-id-053,-0.03612526550343664
us-id-055,-4.425393999285538
us-id-057,-5.461391198138638
us-id-059,0.049047194354437385
us-id-061,-6.526096082919253
us-id-063,-1.0890020296717429
us-id-065,-1.9854725558845736
us-id-067,-1.1879197722994561
us-id-069,-6.854905471262951
us-id-071,-2.0285311652705613
us-id-073,-6.679558074717706
us-id-075,-8.455619124964267
us-id-077,0.2994722931047411
us-id-079,-10.10710859082858
us-id-081,-0.5063249483661159
us-id-083,-0.46817812532428116
us-id-085,-7.863112684675361
us-id-087,-8.409033647128886
us-il-001,-0.4299442984698254
us-il-003,1.9220808452779625
us-il-005,17.647063090378584
us-il-007,39.067866614495024
us-il-009,1.5699419620250925
us-il-011,36.382837487176396
us-il-013,-3.0948855202822756
us-il-015,-21.177567145287608
us-il-017,3.65936927702451
us-il-019,10.481967337166509
us-il-021,6.365065376214077
us-il-023,23.675580221997983
us-il-025,16.062992125984252
us-il-027,22.64768356392445
us-il-029,33.43091067099666
us-il-031,-4.1828122742451175
us-il-033,22.823098075160402
us-il-035,18.519849110831686
us-il-037,28.73355087381862
us-il-039,3.3317493025587814
us-il-041,23.85848941118864
us-il-043,5.50421251181451
us-il-045,22.774037850882763
us-il-047,12.966835972512698
us-il-049,17.50809245272304
us-il-051,18.977569118414188
us-il-053,22.107567229518448
us-il-055,-5.301732952270388
us-il-057,-23.335387521987837
us-il-059,24.270410048023642
us-il-061,-1.8024270026577276
us-il-063,34.70757843095063
us-il-065,19.251080172827653
us-il-067,-0.280898586427647
us-il-069,19.553072625698324
us-il-071,-19.196655900427995
us-il-073,-16.966990231089696
us-il-075,19.167176974892836
us-il-077,7.8146849451311065
us-il-079,17.990654205607477
us-il-081,-0.6600545702631133
us-il-083,-2.4748268508605427
us-il-085,-12.32167797355928
us-il-087,18.755132205616686
us-il-089,3.2553538437195773
us-il-091,-5.656974384976682
us-il-093,1.559512264085261
us-il-095,-12.260086309643825
us-il-097,7.037763962173033
us-il-099,39.287940011659934
us-il-101,21.16836232359698
us-il-103,35.68984440570728
us-il-105,26.34750147357391
us-il-107,5.82092894427354
us-il-109,2.7262950937390507
us-il-111,3.3281934467475294
us-il-113,6.84614210133584
us-il-115,4.503150396613753
us-il-117,-4.062451270080459
us-il-119,4.586454084213226
us-il-121,25.588614267307015
us-il-123,5.033658733974653
us-il-125,3.9704397737165387
us-il-127,23.31288343558282
us-il-129,6.744736511550739
us-il-131,-18.331320961643314
us-il-133,-0.6982176992622435
us-il-135,-2.0278660908490895
us-il-137,7.873498163778702
us-il-139,23.571542256883653
us-il-141,33.27408754598438
us-il-143,1.1981080676242484
us-il-145,-0.9363506135613348
us-il-147,6.693439202414009
us-il-149,-3.4313214431991645
us-il-151,17.507002801120446
us-il-153,-3.276287789062166
us-il-155,36.869173899067825
us-il-157,-6.7756338617886875
us-il-159,20.614263404476834
us-il-161,-11.508398422879795
us-il-163,1.2607375542229238
us-il-165,22.59311314125088
us-il-167,7.443073448061066
us-il-169,2.1986090134910485
us-il-171,1.1665759971436096
us-il-173,20.781108083560397
us-il-175,11.377247435668943
us-il-177,-13.667655319750466
us-il-179,-2.3377730930089937
us-il-181,3.1069842616570806
us-il-183,32.839385017991496
us-il-185,21.06515373352855
us-il-187,-16.37997058538995
us-il-189,19.496431937525248
us-il-191,12.68611548238712
us-il-193,19.250170415814587
us-il-195,-15.447739377819108
us-il-197,-5.3899078121523285
us-il-199,1.0954014754919916
us-il-201,26.324516366858152
us-il-203,2.0317021515378455
us-in-001,3.8696018444621783
us-in-003,9.818206576101835
us-in-005,3.2159495415228556
us-in-007,0.10174607072838404
us-in-009,-1.7651038602227387
us-in-011,4.137513772085488
us-in-013,-6.567980956029223
us-in-015,-1.7011659579198979
us-in-017,-1.8959282727039617
us-in-019,-6.113351217006108
us-in-021,-3.059676393603608
us-in-023,-2.000292324598335
us-in-025,-12.120805092055381
us-in-027,0.6806875900963683
us-in-029,0.32570327361697016
us-in-031,3.215995570271274
us-in-033,4.608380631577641
us-in-035,0.8625796093050087
us-in-037,-0.4318391894822693
us-in-039,1.494184303940016
us-in-041,-3.7234748982571286
us-in-043,-5.815899671867425
us-in-045,-4.609796395434406
us-in-047,-1.0808296678603668
us-in-049,-3.6604587593279696
us-in-051,-1.4887262787187105
us-in-053,0.9097371698448486
us-in-055,-3.9275026342599606
us-in-057,8.708697857157654
us-in-059,2.691448171540356
us-in-061,-10.652604085352385
us-in-063,2.863973926401603
us-in-065,-2.4124973605411606
us-in-067,-2.9435783593062204
us-in-069,5.679921452493314
us-in-071,-10.33656473669059
us-in-073,-3.6458129630042553
us-in-075,-0.05193434579101042
us-in-077,-3.0322518099532845
us-in-079,-3.181290398749775
us-in-081,-4.294294489111711
us-in-083,-2.7411180922653378
us-in-085,2.144149030447498
us-in-087,1.960075220438462
us-in-089,-25.321991057610916
us-in-091,-13.324243123762052
us-in-093,-8.681626200163214
us-in-095,0.39239207816174626
us-in-097,1.756028966336498
us-in-099,-2.2168451453350055
us-in-101,-4.467983677511881
us-in-103,-2.1339407879970547
us-in-105,-3.491857555267952
us-in-107,-4.353173656618273
us-in-109,-4.19164255975338
us-in-111,-4.391390691790684
us-in-113,4.132058946961736
us-in-115,-2.1315235908040213
us-in-117,-11.941031941031943
us-in-119,-1.8185199202782694
us-in-121,-2.1972393478242314
us-in-123,-2.7872650730933146
us-in-125,-6.2302396793373935
us-in-127,-33.69247947034533
us-in-129,-0.0486199259950304
us-in-131,-0.6129458440270963
us-in-133,-0.09347126308364151
us-in-135,-0.18095594798959724
us-in-137,0.43238468293883003
us-in-139,1.7564393755814312
us-in-141,-1.8087067957637426
us-in-143,-12.72409020436815
us-in-145,3.9798606157737613
us-in-147,-1.9484858678201267
us-in-149,-3.8615893020554237
us-in-151,5.943883450494075
us-in-153,-12.588003660159552
us-in-155,-5.345531005272725
us-in-157,1.5072301445032077
us-in-159,0.16495840056820754
us-in-161,0.6635349857332662
us-in-163,3.323514006659467
us-in-165,-7.636500758414943
us-in-167,-2.2810469596207303
us-in-169,0.030839414168981616
us-in-171,-4.546082517679018
us-in-173,1.4670928523149551
us-in-175,-12.395191250671655
us-in-177,1.7459169496402138
us-in-179,3.015782225457664
us-in-181,-0.08171533839245737
us-in-183,6.090932334608357
us-ia-001,5.015592515592518
us-ia-003,4.491179143142229
us-ia-005,-1.6038829397717447
us-ia-007,-12.237928663233127
us-ia-009,-1.8237747506522517
us-ia-011,-2.0047646473539906
us-ia-013,0.9018799307176195
us-ia-015,-4.9371305467096445
us-ia-017,0.843845956604683
us-ia-019,-2.231808911714661
us-ia-021,-5.136187569076372
us-ia-023,-0.7635874335467696
us-ia-025,-3.2965124153490457
us-ia-027,-4.191085637802333
us-ia-029,5.570841803034954
us-ia-031,-10.64324294917635
us-ia-033,-2.2221419850169566
us-ia-035,-8.41974813806024
us-ia-037,
us-ia-039,-9.800610324528808
us-ia-041,
us-ia-043,-2.5582790747540276
us-ia-045,-8.427041197424062
us-ia-047,
us-ia-049,8.230318489028926
us-ia-051,-20.35627344475886
us-ia-053,-9.51157638340782
us-ia-055,-0.788534881567049
us-ia-057,-9.889368165871742
us-ia-059,
us-ia-061,2.100281126600451
us-ia-063,-6.189735512268646
us-ia-065,
us-ia-067,-2.793880739410909
us-ia-069,-2.7062857460158796
us-ia-071,7.134025259874422
us-ia-073,-3.9316726673823577
us-ia-075,0.7552688261455054
us-ia-077,4.795054123557202
us-ia-079,-1.9879063985499323
us-ia-081,-4.60543863984137
us-ia-083,-2.7130325499198693
us-ia-085,
us-ia-087,-12.70899729118628
us-ia-089,
us-ia-091,
us-ia-093,
us-ia-095,
us-ia-097,
us-ia-099,
us-ia-101,
us-ia-103,
us-ia-105,-1.3042777638108738
us-ia-107,
us-ia-109,
us-ia-111,-13.779764144510398
us-ia-113,0.5954787828416352
us-ia-115,-10.020153727243658
us-ia-117,-7.631750800930076
us-ia-119,-2.662253193920863
us-ia-121,4.809405108060361
us-ia-123,-6.925149711943843
us-ia-125,-5.9760565559434875
us-ia-127,0.973803997411149
us-ia-129,4.620315655041107
us-ia-131,1.0912401628808688
us-ia-133,-6.6634999367788055
us-ia-135,-16.982971817923247
us-ia-137,5.098185749800035
us-ia-139,-7.626863002358269
us-ia-141,-6.627504400098755
us-ia-143,-4.167072345189485
us-ia-145,4.995826980702916
us-ia-147,-6.0516039288349806
us-ia-149,-5.059718171945524
us-ia-151,-3.057543813770919
us-ia-153,6.722292260341889
us-ia-155,
us-ia-157,0.18485185042816932
us-ia-159,4.088573659161004
us-ia-161,-5.783430082113955
us-ia-163,-4.01554789348531
us-ia-165,
us-ia-167,
us-ia-169,
us-ia-171,-2.8352154421034506
us-ia-173,5.05738707448444
us-ia-175,3.678279273640989
us-ia-177,
us-ia-179,
us-ia-181,3.7042954500692558
us-ia-183,
us-ia-185,
us-ia-187,
us-ia-189,-4.166212857486706
us-ia-191,1.3456725710470852
us-ia-193,-4.959624415337721
us-ia-195,-0.06384237807947057
us-ia-197,-3.040610408082811
us-ks-001,
us-ks-003,
us-ks-005,
us-ks-007,
us-ks-009,
us-ks-011,
us-ks-013,
us-ks-015,
us-ks-017,
us-ks-019,
us-ks-021,
us-ks-023,
us-ks-025,
us-ks-027,
us-ks-029,
us-ks-031,
us-ks-033,
us-ks-035,
us-ks-037,
us-ks-039,
us-ks-041,
us-ks-043,
us-ks-045,
us-ks-047,
us-ks-049,
us-ks-051,
us-ks-053,
us-ks-055,
us-ks-057,
us-ks-059,
us-ks-061,
us-ks-063,
us-ks-065,
us-ks-067,
us-ks-069,
us-ks-071,
us-ks-073,
us-ks-075,
us-ks-077,
us-ks-079,
us-ks-081,
us-ks-083,
us-ks-085,
us-ks-087,
us-ks-089,
us-ks-091,
us-ks-093,
us-ks-095,
us-ks-097,
us-ks-099,
us-ks-101,
us-ks-103,
us-ks-105,
us-ks-107,
us-ks-109,
us-ks-111,
us-ks-113,
us-ks-115,
us-ks-117,
us-ks-119,
us-ks-121,
us-ks-123,
us-ks-125,
us-ks-127,
us-ks-129,
us-ks-131,
us-ks-133,
us-ks-135,
us-ks-137,
us-ks-139,
us-ks-141,
us-ks-143,
us-ks-145,
us-ks-147,
us-ks-149,
us-ks-151,
us-ks-153,
us-ks-155,
us-ks-157,
us-ks-159,
us-ks-161,
us-ks-163,
us-ks-165,
us-ks-167,
us-ks-169,
us-ks-171,
us-ks-173,
us-ks-175,
us-ks-177,
us-ks-179,
us-ks-181,
us-ks-183,
us-ks-185,
us-ks-187,
us-ks-189,
us-ks-191,
us-ks-193,
us-ks-195,
us-ks-197,
us-ks-199,
us-ks-201,
us-ks-203,
us-ks-205,
us-ks-207,
us-ks-209,
us-ky-001,-1.4970536974487052
us-ky-003,-0.1365279890924498
us-ky-005,-2.291725082422924
us-ky-007,-4.587653440045935
us-ky-009,23.12310688013847
us-ky-011,-1.4844097473622753
us-ky-013,17.699115044247787
us-ky-015,2.2868607764708977
us-ky-017,0.9305738557677579
us-ky-019,-1.0287643672980906
us-ky-021,33.068129151861584
us-ky-023,-2.698694713050015
us-ky-025,26.78633670268386
us-ky-027,22.338728060177797
us-ky-029,22.88668940087055
us-ky-031,16.983500717360116
us-ky-033,-3.8343599541238644
us-ky-035,-1.7852848688704626
us-ky-037,2.4871756285769764
us-ky-039,-4.900585001075819
us-ky-041,-4.7797087974254975
us-ky-043,22.144386067328274
us-ky-045,-0.35736292909358536
us-ky-047,-3.9542197230267586
us-ky-049,-0.10887404747065288
us-ky-051,11.112753066351411
us-ky-053,2.2187253536283884
us-ky-055,-3.3864502710541284
us-ky-057,3.4268828704409255
us-ky-059,30.918855196803978
us-ky-061,18.66895499618612
us-ky-063,25.91943957968476
us-ky-065,-0.5998125307458468
us-ky-067,2.0653643832264756
us-ky-069,-2.429888215420786
us-ky-071,24.274486094316806
us-ky-073,-0.3569231685619567
us-ky-075,-4.444805733362184
us-ky-077,-3.759991193275905
us-ky-079,19.060737242555426
us-ky-081,-0.3645041653242115
us-ky-083,-4.306390072132194
us-ky-085,18.52307110438729
us-ky-087,15.600975060941307
us-ky-089,-6.572957133577767
us-ky-091,28.9639115250291
us-ky-093,32.31068681064046
us-ky-095,12.754485451334016
us-ky-097,-2.7515532510975884
us-ky-099,23.816079295154186
us-ky-101,-2.1490803940001912
us-ky-103,-2.8895202345304183
us-ky-105,-4.967527707444258
us-ky-107,-5.195959731176752
us-ky-109,8.762043264860935
us-ky-111,-8.205922836687785
us-ky-113,5.471218136956865
us-ky-115,13.058921855411617
us-ky-117,2.1803914780361144
us-ky-119,21.603331598125976
us-ky-121,14.66033966033966
us-ky-123,20.072247526307525
us-ky-125,13.85253493335481
us-ky-127,17.29559748427673
us-ky-129,16.647919010123736
us-ky-131,8.904719501335707
us-ky-133,16.88197941756076
us-ky-135,-2.754403330144617
us-ky-137,19.506327789980126
us-ky-139,-5.854209171075247
us-ky-141,-3.7835115088984184
us-ky-143,-2.4064336565878586
us-ky-145,-2.2523340344491105
us-ky-147,11.49584487534626
us-ky-149,-6.230657102029968
us-ky-151,-0.5599188953326506
us-ky-153,22.90852228303362
us-ky-155,-6.859018846343595
us-ky-157,-6.0583470304006095
us-ky-159,9.182899064002024
us-ky-161,0.3516699696505088
us-ky-163,24.74041370288611
us-ky-165,-2.9990025865129386
us-ky-167,22.62635805384979
us-ky-169,1.6610946808966602
us-ky-171,5.633238592394724
us-ky-173,-0.9422206216386841
us-ky-175,21.06806282722513
us-ky-177,-10.922558651423342
us-ky-179,30.92971829631766
us-ky-181,0.17923191163765062
us-ky-183,-4.32698017403578
us-ky-185,2.899921582262799
us-ky-187,-3.3609368635386687
us-ky-189,14.553723706651505
us-ky-191,-2.6971215641107187
us-ky-193,20.204313280363223
us-ky-195,17.35252381917697
us-ky-197,-2.240042024283712
us-ky-199,15.006597482258123
us-ky-201,-4.582358276416731
us-ky-203,13.675085936332387
us-ky-205,37.240054249547924
us-ky-207,-0.8828605165253023
us-ky-209,0.430666766637694
us-ky-211,0.6019937123121932
us-ky-213,-1.3188255147759065
us-ky-215,2.5768281870444194
us-ky-217,-1.290573259185099
us-ky-219,-4.020572782348239
us-ky-221,-2.972835480982422
us-ky-223,-6.329038780336313
us-ky-225,-9.74525740536416
us-ky-227,35.01465307301771
us-ky-229,23.980504412435888
us-ky-231,17.905405405405407
us-ky-233,-4.720575020787962
us-ky-235,15.006534049658777
us-ky-237,-2.4819734345351065
us-ky-239,0.5204308678087577
us-la-001,10.895671309165598
us-la-003,2.4763685947856438
us-la-005,0.4323549956691375
us-la-007,-10.145628754866154
us-la-009,30.356927529241528
us-la-011,2.0242030633895762
us-la-013,10.567607994752532
us-la-015,6.94503118035322
us-la-017,10.312903131551842
us-la-019,10.333272932758735
us-la-021,16.79454390451833
us-la-023,4.282845833534932
us-la-025,27.224052718286657
us-la-027,11.230799914689339
us-la-029,36.88007213706042
us-la-031,6.953940704120115
us-la-033,7.904027214445697
us-la-035,62.538278325961215
us-la-037,28.420492977115163
us-la-039,8.217169449186521
us-la-041,27.35210652695918
us-la-043,13.388504704682008
us-la-045,9.448464024719607
us-la-047,-22.6414646391375
us-la-049,28.657556270096464
us-la-051,-8.350925066332598
us-la-053,9.084172843231729
us-la-055,13.384016112431718
us-la-057,3.7536979083137827
us-la-059,9.20992540721571
us-la-061,38.06845572874819
us-la-063,3.2379539375870943
us-la-065,57.98816568047337
us-la-067,43.494768815389804
us-la-069,7.294966134985764
us-la-071,-8.956555547948907
us-la-073,35.91455077407119
us-la-075,6.968057323704812
us-la-077,12.14042299561986
us-la-079,32.23207374568996
us-la-081,10.60339299449481
us-la-083,32.89569657184537
us-la-085,4.193296083737586
us-la-087,4.7444331952748
us-la-089,-36.079423929166786
us-la-091,17.840299749534605
us-la-093,-46.89284236657013
us-la-095,-20.466871197135205
us-la-097,27.612050298297724
us-la-099,16.283021838144396
us-la-101,11.321242441546975
us-la-103,5.00237035351995
us-la-105,15.662067140959557
us-la-107,52.27629513343799
us-la-109,4.678863770635636
us-la-111,2.7614684503711877
us-la-113,10.274665618467914
us-la-115,2.091118521693114
us-la-117,30.55615202920335
us-la-119,14.289386258309166
us-la-121,-15.745683827079354
us-la-123,15.024164740491699
us-la-125,38.765304362821176
us-la-127,25.800376647834273
us-me-001,-4.454917798985947
us-me-003,-1.204433096992641
us-me-005,-0.04997551795400401
us-me-007,-2.2251878167084738
us-me-009,0.3677907854239493
us-me-011,-3.6763202720819455
us-me-013,-6.589409451031547
us-me-015,-3.158815492427103
us-me-017,-6.641826520725952
us-me-019,-2.248667952332084
us-me-021,-2.808841474874063
us-me-023,-1.3773916698749666
us-me-025,-3.013781402300486
us-me-027,-1.6178928557961214
us-me-029,-1.7734104643787607
us-me-031,-2.8526680242184463
us-md-001,-7.661586263572273
us-md-003,-0.2312960615644455
us-md-005,-2.667706300527961
us-md-009,-6.592711793445005
us-md-011,2.8602031376590844
us-md-013,3.2019641953467626
us-md-015,2.5225554821071916
us-md-017,-4.590133356316728
us-md-019,5.223142359743388
us-md-021,0.8960892388745867
us-md-023,-3.393430538283884
us-md-025,1.7118059913005412
us-md-027,0.7010992917060643
us-md-029,5.277193015020809
us-md-031,2.568206169319598
us-md-033,0.21351360692258847
us-md-035,4.35528875202672
us-md-037,-10.596344038999971
us-md-039,6.3127942503615255
us-md-041,6.400077170363167
us-md-043,-8.307185631919511
us-md-045,4.669720952158007
us-md-047,3.727133936225452
us-md-510,
us-ma-001,-0.007706031234977484
us-ma-003,-1.315424237763274
us-ma-005,-7.34805795864183
us-ma-007,3.441713042138983
us-ma-009,-15.067185756200363
us-ma-011,-12.663109821339757
us-ma-013,-13.432825459938769
us-ma-015,-9.495360121903584
us-ma-017,-7.067106141104052
us-ma-019,3.2744252893324166
us-ma-021,-7.410582632508367
us-ma-023,-4.5476634327254235
us-ma-025,1.54969737419266
us-ma-027,-18.687604663506406
us-mi-001,-7.949959126242984
us-mi-003,-5.17607015268543
us-mi-005,3.9311865265471644
us-mi-007,-9.061902903731657
us-mi-009,-0.8108470191737382
us-mi-011,-14.35149476974572
us-mi-013,-4.8158329209310455
us-mi-015,2.5429250470975884
us-mi-017,-15.492756280225134
us-mi-019,-1.9715717853414583
us-mi-021,6.546784928439619
us-mi-023,0.7096497102655253
us-mi-025,1.2511941229924106
us-mi-027,4.703126077111825
us-mi-029,-0.9408466843788099
us-mi-031,-4.775891033429181
us-mi-033,-6.1252029711153515
us-mi-035,1.4400372537450135
us-mi-037,3.146034487609717
us-mi-039,-5.646096235140785
us-mi-041,-7.019228429070607
us-mi-043,-6.1348050251549875
us-mi-045,0.006216110152273968
us-mi-047,-0.215099207638203
us-mi-049,-10.921130216462661
us-mi-051,0.8170724036250798
us-mi-053,-7.382068846986561
us-mi-055,1.1386647526334392
us-mi-057,3.1257480469872814
us-mi-059,-2.7771751405524014
us-mi-061,-3.074970378637254
us-mi-063,4.302221428972086
us-mi-065,4.212823399874443
us-mi-067,2.276149253525456
us-mi-069,-13.242823655013591
us-mi-071,-5.992089490248281
us-mi-073,3.778575908714293
us-mi-075,-1.1933885061386762
us-mi-077,8.35060275705688
us-mi-079,-6.052542008785555
us-mi-081,5.865122758922492
us-mi-083,-1.022730958509882
us-mi-085,1.9712776574794366
us-mi-087,0.6205553556561216
us-mi-089,1.1027690312020333
us-mi-091,-2.0138648405398363
us-mi-093,3.6009077571749373
us-mi-095,-6.6512884783955
us-mi-097,-4.778648362802351
us-mi-099,-5.577459769302634
us-mi-101,-3.8799576303385375
us-mi-103,-2.6111289574615615
us-mi-105,2.272174770020008
us-mi-107,1.8068184528456932
us-mi-109,-6.137687353969795
us-mi-111,6.366005588175971
us-mi-113,0.5982908811762888
us-mi-115,-3.218623882882088
us-mi-117,0.8983989789222158
us-mi-119,-8.25850339415577
us-mi-121,4.1108783721929
us-mi-123,3.0881625441696094
us-mi-125,2.656398119141745
us-mi-127,4.9761593322879385
us-mi-129,0.09306504926029358
us-mi-131,-7.456084565629456
us-mi-133,0.7252275797850316
us-mi-135,-7.006502408129222
us-mi-137,-3.462647909743277
us-mi-139,6.6164651643256525
us-mi-141,-6.671294849503656
us-mi-143,0.9492707214274032
us-mi-145,-3.0224899651560664
us-mi-147,-2.850986138461453
us-mi-149,3.975924741982839
us-mi-151,0.42104098981348426
us-mi-153,-8.700209544088223
us-mi-155,1.7816149556665994
us-mi-157,-3.739938689629274
us-mi-159,5.41729918503523
us-mi-161,1.2352629898070289
us-mi-163,-0.08753060349617758
us-mi-165,1.2172193270406861
us-mn-001,-12.14941443036554
us-mn-003,0.025536736852188602
us-mn-005,-21.637613717633492
us-mn-007,-13.296542840231274
us-mn-009,-5.235697177747306
us-mn-011,-23.072281257627846
us-mn-013,-12.563036310929698
us-mn-015,-12.318808830326223
us-mn-017,-10.467383106159666
us-mn-019,5.577194184713657
us-mn-021,-9.040112708595661
us-mn-023,-26.995573677930533
us-mn-025,-14.139698533176547
us-mn-027,-20.237204544176862
us-mn-029,-18.876571715290446
us-mn-031,-8.855122879067013
us-mn-033,-15.042338671277566
us-mn-035,-10.236087185794968
us-mn-037,0.32368590701780664
us-mn-039,-15.001539997555223
us-mn-041,-18.428289856971595
us-mn-043,-10.372957776566716
us-mn-045,-16.485283631267055
us-mn-047,-15.28558868423887
us-mn-049,-2.743952436037911
us-mn-051,-27.71529072224664
us-mn-053,5.928672409313107
us-mn-055,-13.563959174168378
us-mn-057,-12.011018374459697
us-mn-059,-14.009488083044596
us-mn-061,-13.142205778213562
us-mn-063,-12.93351872392609
us-mn-065,-14.657481187801114
us-mn-067,-17.905041491047253
us-mn-069,-31.807117249787787
us-mn-071,-15.422980877021903
us-mn-073,-27.450853000254472
us-mn-075,-10.377531772261733
us-mn-077,-26.15794452247821
us-mn-079,-13.745684123756835
us-mn-081,-24.748247621309428
us-mn-083,-20.253400353507484
us-mn-085,-16.34485805724872
us-mn-087,-22.548994883348183
us-mn-089,-33.054654563005585
us-mn-091,-9.044203943239875
us-mn-093,-18.81413271114598
us-mn-095,-15.320545970728555
us-mn-097,-16.279471556333203
us-mn-099,-15.091353478057984
us-mn-101,-19.732893655485213
us-mn-103,-13.652291301311658
us-mn-105,-13.931697822757478
us-mn-107,-31.478088499945557
us-mn-109,-8.098909605820964
us-mn-111,-20.414613474894423
us-mn-113,-26.780784740373083
us-mn-115,-14.966488345712525
us-mn-117,-15.145454766561317
us-mn-119,-26.186114765475043
us-mn-121,-22.61701446083701
us-mn-123,3.5757551804996512
us-mn-125,-33.35163123681913
us-mn-127,-25.76797558630577
us-mn-129,-25.38018157718601
us-mn-131,-7.0085960735162605
us-mn-133,-11.323911617602883
us-mn-135,-24.144616197398577
us-mn-137,-10.004300169889625
us-mn-139,-0.11065508504632393
us-mn-141,-2.412536235713719
us-mn-143,-17.540599343114277
us-mn-145,-6.528425141480787
us-mn-147,-15.04101153206795
us-mn-149,-21.15296989868156
us-mn-151,-26.518444328464014
us-mn-153,-22.97843004294455
us-mn-155,-28.913231862281812
us-mn-157,-5.994882391468087
us-mn-159,-12.261422396058627
us-mn-161,-17.733370858326126
us-mn-163,1.1281339477881902
us-mn-165,-12.682179254680593
us-mn-167,-30.663538466403466
us-mn-169,-13.52313458185359
us-mn-171,-0.6681401107875351
us-mn-173,-26.047043287595994
us-ms-001,
us-ms-003,
us-ms-005,
us-ms-007,
us-ms-009,
us-ms-011,
us-ms-013,
us-ms-015,
us-ms-017,
us-ms-019,
us-ms-021,
us-ms-023,
us-ms-025,
us-ms-027,
us-ms-029,
us-ms-031,
us-ms-033,
us-ms-035,
us-ms-037,
us-ms-039,
us-ms-041,
us-ms-043,
us-ms-045,
us-ms-047,
us-ms-049,
us-ms-051,
us-ms-053,
us-ms-055,
us-ms-057,
us-ms-059,
us-ms-061,
us-ms-063,
us-ms-065,
us-ms-067,
us-ms-069,
us-ms-071,
us-ms-073,
us-ms-075,
us-ms-077,
us-ms-079,
us-ms-081,
us-ms-083,
us-ms-085,
us-ms-087,
us-ms-089,
us-ms-091,
us-ms-093,
us-ms-095,
us-ms-097,
us-ms-099,
us-ms-101,
us-ms-103,
us-ms-105,
us-ms-107,
us-ms-109,
us-ms-111,
us-ms-113,
us-ms-115,
us-ms-117,
us-ms-119,
us-ms-121,
us-ms-123,
us-ms-125,
us-ms-127,
us-ms-129,
us-ms-131,
us-ms-133,
us-ms-135,
us-ms-137,
us-ms-139,
us-ms-141,
us-ms-143,
us-ms-145,
us-ms-147,
us-ms-149,
us-ms-151,
us-ms-153,
us-ms-155,
us-ms-157,
us-ms-159,
us-ms-161,
us-ms-163,
us-mo-001,3.484962454355639
us-mo-003,-0.0018170259694194613
us-mo-005,0.39015238029511956
us-mo-007,-0.1862141704439435
us-mo-009,-2.4503823160063805
us-mo-011,0.4895047283580395
us-mo-013,-1.8862121211403156
us-mo-015,-0.13318916763301325
us-mo-017,-2.851285521543047
us-mo-019,3.0563657642647013
us-mo-021,1.8582206547598956
us-mo-023,-0.4593536143204846
us-mo-025,-0.7908451319680349
us-mo-027,2.20142200383808
us-mo-029,0.7260744701907601
us-mo-031,0.633264439702616
us-mo-033,1.2497107027738041
us-mo-035,-2.065540875335076
us-mo-037,2.8654631221188778
us-mo-039,0.662521207840544
us-mo-041,-0.5791094072773895
us-mo-043,-3.6843897058898567
us-mo-045,1.5340955656391209
us-mo-047,2.05538431178573
us-mo-049,-0.7935604052317302
us-mo-051,3.8654610954758306
us-mo-053,1.5253299597600245
us-mo-055,-0.23230461886439846
us-mo-057,0.38580739541512477
us-mo-059,0.7337109207652875
us-mo-061,0.29563858536861554
us-mo-063,-2.085660614253035
us-mo-065,0.7313899390118367
us-mo-067,0.13715391678594535
us-mo-069,-1.7957144868532087
us-mo-071,-0.5082429742597455
us-mo-073,2.1057601338059477
us-mo-075,-0.9057584257496643
us-mo-077,-2.4357870348862223
us-mo-079,1.1355949347882421
us-mo-081,-0.332446565684022
us-mo-083,-0.8036448053948653
us-mo-085,-0.04060240607802745
us-mo-087,0.43655106317609105
us-mo-089,-1.3864179073594995
us-mo-091,0.12385239203045184
us-mo-093,-5.04265446787463
us-mo-095,-2.390786087204666
us-mo-097,-2.635685483004957
us-mo-099,-3.5853219680818116
us-mo-101,1.2837857212706028
us-mo-103,2.4283250927628424
us-mo-105,1.051690819912765
us-mo-107,-10.966229542695643
us-mo-109,-5.863184197322102
us-mo-111,0.1165425724324709
us-mo-113,-4.047931015922238
us-mo-115,-0.29696967069500757
us-mo-117,1.9685620836648876
us-mo-119,-1.6188117593878588
us-mo-121,-0.6918444300470672
us-mo-123,-1.7711981357808937
us-mo-125,-0.8699182126471194
us-mo-127,0.06299356067320239
us-mo-129,0.6450489870659117
us-mo-131,0.7375074167926543
us-mo-133,-2.620147328366701
us-mo-135,-0.9591909755224864
us-mo-137,-2.0350556647099394
us-mo-139,0.41670114446506756
us-mo-141,-0.310903284900374
us-mo-143,-2.410623258503508
us-mo-145,-3.2642273150882057
us-mo-147,2.648310498071976
us-mo-149,-1.1638247242822697
us-mo-151,1.4051259824411022
us-mo-153,-0.5382028238782088
us-mo-155,-1.872141170391295
us-mo-157,-0.27841158862071114
us-mo-159,0.19773698341376544
us-mo-161,1.3618811889715587
us-mo-163,-4.096567030512766
us-mo-165,6.006511038163143
us-mo-167,-1.9361598794632422
us-mo-169,0.5665909793337615
us-mo-171,1.0964897377289562
us-mo-173,-2.7124022050472014
us-mo-175,-1.8842410064748738
us-mo-177,-12.670512313464732
us-mo-179,-2.5295410673837586
us-mo-181,-2.11588611468036
us-mo-183,1.4898412731681798
us-mo-185,-1.3288209236600208
us-mo-186,-4.933917092418627
us-mo-187,-3.660734298347995
us-mo-189,3.624164920296047
us-mo-195,-11.760174159810116
us-mo-197,0.6035000353182163
us-mo-199,1.1121929936576846
us-mo-201,-2.1768522307685085
us-mo-203,-1.6931332145967954
us-mo-205,-1.9922058498565125
us-mo-207,-1.6015429938072616
us-mo-209,-2.6412966415507166
us-mo-211,0.5474895668288238
us-mo-213,-1.620091243901628
us-mo-215,0.07574279280261054
us-mo-217,0.07533427259326653
us-mo-219,-0.13320053758737183
us-mo-221,-6.562837659440804
us-mo-223,-2.7332708703038167
us-mo-225,-0.3977790470253928
us-mo-227,-1.3769889272289086
us-mo-229,-0.09856848965382192
us-mo-510,
us-mt-001,-4.896742066217438
us-mt-003,-5.4006906375704595
us-mt-005,-8.405284569218995
us-mt-007,-3.842989876091771
us-mt-009,-4.826033783779532
us-mt-011,-2.446188399023731
us-mt-013,-6.627013057314612
us-mt-015,-6.011235558820721
us-mt-017,-7.614247291123016
us-mt-019,-5.551342260203018
us-mt-021,-6.939196066925065
us-mt-023,-9.566556817774401
us-mt-025,-4.847322931298481
us-mt-027,-5.422812389319864
us-mt-029,-3.135834882114985
us-mt-031,-3.8773126263583757
us-mt-033,-3.042401733209533
us-mt-035,-6.058696374812433
us-mt-037,-4.896873443929028
us-mt-039,-4.979794540528376
us-mt-041,-7.9847593519365825
us-mt-043,-4.137371858176908
us-mt-045,-6.909254279848473
us-mt-047,-5.688500529257046
us-mt-049,-2.5343565705576943
us-mt-051,-2.8993741607774792
us-mt-053,-4.093528206056446
us-mt-055,-4.321839489267868
us-mt-057,-4.89573125865875
us-mt-059,-2.9820684598893257
us-mt-061,-6.6135304958569785
us-mt-063,-4.286519599668681
us-mt-065,-4.980923886859467
us-mt-067,-5.520301511381392
us-mt-069,-5.407156194032696
us-mt-071,-6.74994162316393
us-mt-073,-7.126930159519929
us-mt-075,-3.2366716974837852
us-mt-077,-7.816928693856751
us-mt-079,-5.629069044163384
us-mt-081,-3.6965591738244985
us-mt-083,-4.695013009527482
us-mt-085,-9.189838533017703
us-mt-087,-6.5877974524367
us-mt-089,-6.594236953149169
us-mt-091,-2.6685511955587273
us-mt-093,-7.2917890510162175
us-mt-095,-5.682823972051196
us-mt-097,-4.507849216829557
us-mt-099,-6.428953655186293
us-mt-101,-3.9784194423369694
us-mt-103,-7.967746617749372
us-mt-105,-5.407531220025607
us-mt-107,-6.3128434966832545
us-mt-109,-9.27808584925036
us-mt-111,-4.525599656448797
us-ne-001,24.43572855768519
us-ne-003,11.673270344407193
us-ne-005,6.227106227106227
us-ne-007,4.72636815920398
us-ne-009,9.46372239747634
us-ne-011,14.251290877796901
us-ne-013,19.597887896019497
us-ne-015,11.072664359861593
us-ne-017,9.580463368816531
us-ne-019,22.542477164087273
us-ne-021,4.043546187327193
us-ne-023,2.294356394767891
us-ne-025,2.6371172917648096
us-ne-027,12.918552036199097
us-ne-029,9.009483667017912
us-ne-031,10.166773572803079
us-ne-033,15.092337083421778
us-ne-035,15.562805872756933
us-ne-037,3.352256254402372
us-ne-039,4.387304914442653
us-ne-041,11.341118188251945
us-ne-043,36.85300207039337
us-ne-045,21.78998911860718
us-ne-047,24.736537348002315
us-ne-049,12.195121951219512
us-ne-051,18.866379495762224
us-ne-053,5.959892185107512
us-ne-055,-2.857928170104651
us-ne-057,9.338929695697797
us-ne-059,20.843250595035702
us-ne-061,14.943215780035866
us-ne-063,12.123493975903614
us-ne-065,12.991452991452993
us-ne-067,29.209792993630572
us-ne-069,14.232558139534884
us-ne-071,12.346938775510203
us-ne-073,16.435643564356436
us-ne-075,4.938271604938271
us-ne-077,17.872340425531917
us-ne-079,28.476881233000906
us-ne-081,17.54596322941647
us-ne-083,13.864628820960698
us-ne-085,5.836575875486381
us-ne-087,10.967302452316076
us-ne-089,10.37514654161782
us-ne-091,9.59232613908873
us-ne-093,18.169672678690716
us-ne-095,23.955352032054954
us-ne-097,26.950694112015317
us-ne-099,16.686893203883496
us-ne-101,14.154685176003968
us-ne-103,0.0
us-ne-105,13.714967203339295
us-ne-107,17.496962332928312
us-ne-109,7.106001154520558
us-ne-111,18.058396875581177
us-ne-113,7.06401766004415
us-ne-115,12.467532467532468
us-ne-117,4.878048780487805
us-ne-119,-0.49583593000260273
us-ne-121,15.892291446673706
us-ne-123,12.856496152105024
us-ne-125,17.334978408389883
us-ne-127,24.833913318570072
us-ne-129,16.009070294784582
us-ne-131,4.9441806576192455
us-ne-133,21.024868123587037
us-ne-135,11.065292096219931
us-ne-137,12.183173588924387
us-ne-139,10.523415977961433
us-ne-141,0.5224940133300604
us-ne-143,1.9623809884209669
us-ne-145,12.475822050290136
us-ne-147,21.49802890932983
us-ne-149,8.771929824561402
us-ne-151,33.74221183800623
us-ne-153,-0.5333715168731545
us-ne-155,2.2310909100485055
us-ne-157,22.399944122372005
us-ne-159,4.134100102430302
us-ne-161,11.004601226993865
us-ne-163,21.61474888747616
us-ne-165,11.005434782608695
us-ne-167,-0.5081952893327496
us-ne-169,18.550185873605948
us-ne-171,7.633587786259542
us-ne-173,7.050372998648863
us-ne-175,15.374149659863946
us-ne-177,3.7686188017192865
us-ne-179,22.11334745762712
us-ne-181,17.915690866510538
us-ne-183,13.333333333333334
us-ne-185,18.586428459489106
us-nv-001,1.6095168196876424
us-nv-003,-0.032978442943021324
us-nv-005,2.912311641620308
us-nv-007,0.6831956805362721
us-nv-009,0.6395894049403938
us-nv-011,-1.5389762462361998
us-nv-013,3.0148063424961844
us-nv-015,0.6465476816970989
us-nv-017,0.7407341852808946
us-nv-019,1.4165128089682262
us-nv-021,1.551934820469697
us-nv-023,0.4324781646342535
us-nv-027,1.183775061145298
us-nv-029,1.4205751553857615
us-nv-031,2.955082687977839
us-nv-033,-0.7671646861308057
us-nv-510,
us-nh-001,-0.16322008680273448
us-nh-003,1.3902189606849913
us-nh-005,-2.7155028391746105
us-nh-007,-8.528995644879295
us-nh-009,-1.4203837313035317
us-nh-011,1.0086267068750543
us-nh-013,-2.866633456059764
us-nh-015,1.2221110799009616
us-nh-017,0.4445761632358769
us-nh-019,-3.9448750344045824
us-nj-001,10.093123102181728
us-nj-003,-3.7503783073060015
us-nj-005,9.343456855585908
us-nj-007,2.1490842373312224
us-nj-009,9.140791218142569
us-nj-011,22.32246736256397
us-nj-013,2.614617894966198
us-nj-015,-0.08868216399779971
us-nj-017,-1.269742985145017
us-nj-019,5.882280885459551
us-nj-021,6.057426280503853
us-nj-023,-3.5810924579991243
us-nj-025,0.3852066999763648
us-nj-027,9.08356344945136
us-nj-029,2.956580882339815
us-nj-031,-1.3356499039892888
us-nj-033,8.655612564866871
us-nj-035,5.385201125910205
us-nj-037,-1.591989917707659
us-nj-039,2.7539517636168576
us-nj-041,-2.547280384433992
us-nm-001,-13.044344698919419
us-nm-003,-2.5287773904073663
us-nm-005,2.4713512422492254
us-nm-006,9.066662524695596
us-nm-007,-17.097318396912403
us-nm-009,-9.874633932775337
us-nm-011,2.736727354743318
us-nm-013,1.0462803259508213
us-nm-015,3.0772939048825334
us-nm-017,-0.2947456586307129
us-nm-019,13.161151253946969
us-nm-021,-14.842926417878976
us-nm-023,5.9178487749916355
us-nm-025,5.531306338245315
us-nm-027,1.107904651987135
us-nm-028,-9.98045241767005
us-nm-029,4.4788098499116575
us-nm-031,-11.081683426536426
us-nm-033,-11.5235751841674
us-nm-035,2.015384607546805
us-nm-037,-16.109977449479647
us-nm-039,-14.46952862606653
us-nm-041,-4.963645258310007
us-nm-043,-10.782173530871464
us-nm-045,-12.016356712302311
us-nm-047,-12.149955798049417
us-nm-049,-7.203366239315267
us-nm-051,-1.0810542916504962
us-nm-053,7.405995426664358
us-nm-055,-10.771897518307716
us-nm-057,-21.934244764776338
us-nm-059,-12.407642901984772
us-nm-061,-0.5308038400681891
us-ny-001,-8.49603250790526
us-ny-003,-0.969623644964851
us-ny-005,5.782177263942135
us-ny-007,-0.7203519039313933
us-ny-009,-3.0378736856661037
us-ny-011,8.736505693926889
us-ny-013,-4.5930215532918925
us-ny-015,0.3873789461076249
us-ny-017,-0.7902269808459816
us-ny-019,8.030090019440134
us-ny-021,3.838112977530206
us-ny-023,-1.1707220798837181
us-ny-025,-1.3502081288182533
us-ny-027,-1.0186938528652545
us-ny-029,-6.070544076658169
us-ny-031,7.42753968563023
us-ny-033,4.380806400462822
us-ny-035,9.506863676723729
us-ny-037,2.6413965614456245
us-ny-039,0.803371143156778
us-ny-041,7.302462783837549
us-ny-043,5.749052445120956
us-ny-045,13.338696635589613
us-ny-047,1.380589410281563
us-ny-049,8.660960491336192
us-ny-051,5.577295054478398
us-ny-053,-0.9766366201344301
us-ny-055,0.7111125462026302
us-ny-057,-14.671854618440294
us-ny-059,2.05161038227607
us-ny-061,7.798471150909192
us-ny-063,-1.0523450647102917
us-ny-065,1.648099565238087
us-ny-067,12.962757939363678
us-ny-069,6.443640230260406
us-ny-071,-6.364984395669099
us-ny-073,3.715232802685273
us-ny-075,4.198965386329279
us-ny-077,-0.31570381419573357
us-ny-079,-4.986325894997423
us-ny-081,1.9164316087263433
us-ny-083,-6.256864388313099
us-ny-085,9.665646371044645
us-ny-087,-11.18049749831579
us-ny-089,10.351695710862218
us-ny-091,-0.978172823879031
us-ny-093,-13.480406896117325
us-ny-095,-3.157750608298487
us-ny-097,-1.5125987712370115
us-ny-099,1.096022922335843
us-ny-101,-1.927279839641155
us-ny-103,4.123652686765833
us-ny-105,-0.3774155087330755
us-ny-107,2.502332097226123
us-ny-109,0.053347904188150164
us-ny-111,-0.6715083589988624
us-ny-113,16.989455882881096
us-ny-115,11.895515850129218
us-ny-117,4.209835348086822
us-ny-119,-1.5736258966077665
us-ny-121,1.8616949817491872
us-ny-123,2.928702070104067
us-nc-001,0.09618673865816052
us-nc-003,-3.834038866943848
us-nc-005,-3.0940680220135297
us-nc-007,-0.5149022760576827
us-nc-009,-4.7358306169087205
us-nc-011,-2.4351634920012883
us-nc-013,4.708411710007942
us-nc-015,-5.502335096506106
us-nc-017,-1.9970981956585865
us-nc-019,0.7793965427841332
us-nc-021,-1.937568723052896
us-nc-023,-2.3229119928738493
us-nc-025,0.43629299492443097
us-nc-027,-1.6165808491554468
us-nc-029,1.1028872782173627
us-nc-031,3.974160321277245
us-nc-033,0.4403360790297517
us-nc-035,-0.1982429216432935
us-nc-037,-0.19669645442622619
us-nc-039,-4.985903333218733
us-nc-041,2.1098801516473644
us-nc-043,-4.849731416497304
us-nc-045,-0.24015824138572395
us-nc-047,0.2515339821011542
us-nc-049,3.812204200173958
us-nc-051,-0.6927611026399605
us-nc-053,1.1534870003688829
us-nc-055,3.257566252187327
us-nc-057,-0.7273612914292155
us-nc-059,2.2620131127256196
us-nc-061,-1.833753118266479
us-nc-063,0.5457647920823039
us-nc-065,-3.4283713394653414
us-nc-067,-0.5103832933464281
us-nc-069,-1.537853730752603
us-nc-071,0.042869633831216225
us-nc-073,-5.508238686123473
us-nc-075,-4.984592619564565
us-nc-077,-2.6271550748300343
us-nc-079,4.721868526430573
us-nc-081,0.8050276091444597
us-nc-083,-4.099392039529004
us-nc-085,-2.5116266692824682
us-nc-087,-2.7519241242782155
us-nc-089,-0.027911689892340386
us-nc-091,-3.979049576356919
us-nc-093,-1.8515303008204254
us-nc-095,7.800788139329806
us-nc-097,-1.391182066612312
us-nc-099,-4.947421686450531
us-nc-101,-0.2707017851391713
us-nc-103,4.5041745711887184
us-nc-105,-1.628773092592356
us-nc-107,3.3282341757739307
us-nc-109,-0.43315787610315737
us-nc-111,-2.258700187818236
us-nc-113,-4.903474905237082
us-nc-115,-4.584138241738739
us-nc-117,-6.245823498491221
us-nc-119,1.1794463633563512
us-nc-121,-1.2444156709524035
us-nc-123,-2.3379045359201878
us-nc-125,0.825999025373314
us-nc-127,-0.3077620993161001
us-nc-129,0.5788493619624024
us-nc-131,-3.824118486989969
us-nc-133,1.8370557640222385
us-nc-135,-1.6373368075250694
us-nc-137,4.07059528994263
us-nc-139,1.1905951090650513
us-nc-141,-0.4088131720206001
us-nc-143,2.082182633570484
us-nc-145,-0.9775858174662921
us-nc-147,3.894950945444436
us-nc-149,-9.152539612171346
us-nc-151,-0.017281622471804203
us-nc-153,-2.25016752735937
us-nc-155,-5.577369210646732
us-nc-157,-0.3000176637095786
us-nc-159,-1.6279830721744881
us-nc-161,-3.0415088935137224
us-nc-163,0.832988898829029
us-nc-165,-2.0093278449772267
us-nc-167,-3.341368439922418
us-nc-169,-6.016412678134627
us-nc-171,-4.013162303252529
us-nc-173,-7.986849539004703
us-nc-175,-1.5382314773315753
us-nc-177,6.5742976768121855
us-nc-179,0.7200617767501638
us-nc-181,-3.333495903042294
us-nc-183,-0.43409038045856274
us-nc-185,-3.243580352515485
us-nc-187,-5.338950212151361
us-nc-189,-3.813245314421482
us-nc-191,0.2945180438061634
us-nc-193,-4.580312533866956
us-nc-195,-2.6888163873112103
us-nc-197,-4.269074799923906
us-nc-199,-4.768847979502522
us-nd-001,5.275244273195794
us-nd-003,0.7772447157161799
us-nd-005,-0.7458975634012932
us-nd-007,-1.5812672176308538
us-nd-009,4.378770072351018
us-nd-011,2.7422461792619037
us-nd-013,2.691097417070931
us-nd-015,1.8794310923091277
us-nd-017,6.836154365584074
us-nd-019,5.387983974114638
us-nd-021,2.4597243366868775
us-nd-023,3.4317746786983876
us-nd-025,-0.9998844588712918
us-nd-027,3.550986488883906
us-nd-029,1.7621954017713728
us-nd-031,4.877656487345091
us-nd-033,0.27137533017331794
us-nd-035,5.740004853256725
us-nd-037,2.428347854523369
us-nd-039,1.2387002655827235
us-nd-041,3.9856015265851323
us-nd-043,1.962209302325582
us-nd-045,1.6372388393744415
us-nd-047,1.2918960062549514
us-nd-049,2.075922023580237
us-nd-051,2.1332716070550846
us-nd-053,-1.4827312447833614
us-nd-055,0.512708804278611
us-nd-057,-0.33368354727263405
us-nd-059,1.3969368411835936
us-nd-061,-3.023580634654061
us-nd-063,5.883906037662589
us-nd-065,-0.09229070710207177
us-nd-067,3.379212748073837
us-nd-069,5.3668118369049775
us-nd-071,5.273639675147687
us-nd-073,2.6883433144281987
us-nd-075,3.997718089246041
us-nd-077,2.056112225013751
us-nd-079,-9.755897451760909
us-nd-081,2.553830746119179
us-nd-083,2.2747186306746716
us-nd-085,-16.81541083714997
us-nd-087,0.4205607476635523
us-nd-089,2.196449153112033
us-nd-091,8.380230624325113
us-nd-093,2.5164445758093374
us-nd-095,4.821486782724679
us-nd-097,5.444262700567931
us-nd-099,6.959206092520767
us-nd-101,3.4913622854119835
us-nd-103,4.212992600298793
us-nd-105,0.9851496030929163
us-oh-001,0.30651571036197645
us-oh-003,0.8184839822390877
us-oh-005,6.072204272404494
us-oh-007,-1.463520390557721
us-oh-009,-1.713907414978788
us-oh-011,-0.158773142754301
us-oh-013,-4.185967665266005
us-oh-015,0.4106340949733306
us-oh-017,4.297054976010584
us-oh-019,-3.1184429210091738
us-oh-021,0.92459879437711
us-oh-023,3.004524416937193
us-oh-025,5.312347100964804
us-oh-027,1.3953381813451515
us-oh-029,-1.235204101007742
us-oh-031,2.207566212348347
us-oh-033,-5.225812062137061
us-oh-035,1.093165227417403
us-oh-037,1.2829161529889914
us-oh-039,3.939843650567121
us-oh-041,14.541549050445068
us-oh-043,-13.96678641146989
us-oh-045,4.628709538398679
us-oh-047,2.5768727166561396
us-oh-049,5.581815536026102
us-oh-051,4.7815551019787685
us-oh-053,-1.8565098850675088
us-oh-055,7.259728804308968
us-oh-057,8.86934130702865
us-oh-059,0.08412177363002482
us-oh-061,7.429881413781208
us-oh-063,5.309699474550412
us-oh-065,0.7271600270552292
us-oh-067,-5.5349172592499665
us-oh-069,6.29615791779769
us-oh-071,-0.5918362943291594
us-oh-073,-1.8776254083310961
us-oh-075,5.19499696205292
us-oh-077,-1.9155539722533088
us-oh-079,-1.36948855993613
us-oh-081,-2.999903982974683
us-oh-083,3.8722780522215645
us-oh-085,4.178873520932896
us-oh-087,-2.6165753298748484
us-oh-089,8.301867320401843
us-oh-091,1.0281756593692042
us-oh-093,-3.354785809962091
us-oh-095,-2.579712309093274
us-oh-097,5.78281585473478
us-oh-099,-13.384931602016136
us-oh-101,-1.0921989106577878
us-oh-103,4.580443722816857
us-oh-105,-3.0087021996021646
us-oh-107,0.18110927348501948
us-oh-109,4.243085074793532
us-oh-111,-9.584697156038246
us-oh-113,12.258513375616076
us-oh-115,0.8913386212699215
us-oh-117,4.014371800906666
us-oh-119,4.758368441310096
us-oh-121,-4.383410164532695
us-oh-123,-6.281647730376639
us-oh-125,-1.5357362811475428
us-oh-127,0.3028004114719818
us-oh-129,3.064550077456729
us-oh-131,-7.317269159407891
us-oh-133,-7.404292705196358
us-oh-135,1.63291852116485
us-oh-137,2.466923693877085
us-oh-139,1.6274465588959008
us-oh-141,0.9705522347441986
us-oh-143,-3.9729218810612696
us-oh-145,-4.094075129436464
us-oh-147,-2.8008773180229096
us-oh-149,0.7311558020256959
us-oh-151,2.946855080349847
us-oh-153,-2.8877817581187237
us-oh-155,-20.253418472879957
us-oh-157,2.4520439329867028
us-oh-159,2.821499692220464
us-oh-161,1.1916800263082172
us-oh-163,-6.12755382944214
us-oh-165,2.449560217004593
us-oh-167,-6.661482555176324
us-oh-169,2.922669089124985
us-oh-171,3.667617758763597
us-oh-173,7.254573670613102
us-oh-175,3.8863952155192893
us-ok-001,3.527028023489648
us-ok-003,-1.7915989132203116
us-ok-005,-2.4583491342189348
us-ok-007,-1.9502057567611906
us-ok-009,-1.3264946768644537
us-ok-011,0.34505668336409223
us-ok-013,-0.8674101808634371
us-ok-015,0.034703078586012515
us-ok-017,-0.10491654093146285
us-ok-019,-0.021693693195332098
us-ok-021,0.9345439916865483
us-ok-023,-3.0763858974415914
us-ok-025,-1.3294376986433347
us-ok-027,3.2519258520247396
us-ok-029,-6.2490002443796735
us-ok-031,4.500396951383734
us-ok-033,0.5630703436848267
us-ok-035,2.0712727614814295
us-ok-037,-3.70189465056541
us-ok-039,1.2922202832472114
us-ok-041,1.3432544127340713
us-ok-043,-0.7751790460603523
us-ok-045,-2.426234407858728
us-ok-047,-0.12328570439388009
us-ok-049,-0.12587692898338165
us-ok-051,0.5744849577403788
us-ok-053,-4.768919897348445
us-ok-055,-1.9887866824046556
us-ok-057,1.6837310722861347
us-ok-059,-0.5463450806438328
us-ok-061,-3.72087906966915
us-ok-063,-3.767123287671234
us-ok-065,-0.6462178508855332
us-ok-067,-1.3433548517433587
us-ok-069,-3.6523145843703335
us-ok-071,-1.3646627661061284
us-ok-073,1.1864717927521222
us-ok-075,2.1827271617006536
us-ok-077,-2.711279209624537
us-ok-079,-4.102271217675038
us-ok-081,-2.2955462004273035
us-ok-083,-0.4878697778794322
us-ok-085,-0.5059462484256344
us-ok-087,0.8141992520199343
us-ok-089,-2.8248818613449718
us-ok-091,0.15218553915306576
us-ok-093,-1.737644498966412
us-ok-095,-1.6498889122469134
us-ok-097,1.1086813786483296
us-ok-099,1.2486974477209922
us-ok-101,1.8946543937013671
us-ok-103,-0.0354701022495324
us-ok-105,-0.06768033179992972
us-ok-107,-0.8084881268775074
us-ok-109,3.4245270748047396
us-ok-111,1.8827798497084658
us-ok-113,-3.246814230455425
us-ok-115,-2.0194808032544893
us-ok-117,-3.0290704463688423
us-ok-119,1.0235632667794259
us-ok-121,-1.2178073569578256
us-ok-123,1.989462930749375
us-ok-125,-0.2904783182763465
us-ok-127,-1.9220505267489474
us-ok-129,-2.3611357716597894
us-ok-131,1.9583212767891434
us-ok-133,-4.104905548626858
us-ok-135,-2.7313342410429877
us-ok-137,0.9083560873966112
us-ok-139,-1.1138974958706582
us-ok-141,3.608988095975424
us-ok-143,35.55781327159245
us-ok-145,21.47923322683706
us-ok-147,22.714182865370773
us-ok-149,-0.27276062718196714
us-ok-151,0.2983549090165072
us-ok-153,-0.890242035197164
us-or-001,2.723610080010025
us-or-003,-4.225505731710233
us-or-005,-6.737715247719084
us-or-007,-11.827367173460612
us-or-009,-10.629665153139356
us-or-011,-13.951025559402835
us-or-013,4.443573233377801
us-or-015,-11.120597837853547
us-or-017,9.988696688072068
us-or-019,-16.231537535398576
us-or-021,10.187040293823296
us-or-023,1.6594787482075823
us-or-025,-0.110023803088799
us-or-027,9.783320549068037
us-or-029,7.324949441585077
us-or-031,7.102631044211957
us-or-033,1.7562936411647467
us-or-035,5.335402563699532
us-or-037,2.6812255917174483
us-or-039,-10.09131864088426
us-or-041,-9.89147929764122
us-or-043,-12.989737542310248
us-or-045,1.3315058314170791
us-or-047,-7.464830932784755
us-or-049,5.808863026201172
us-or-051,-2.5911183872480037
us-or-053,-8.0990215454178
us-or-055,6.387162911357977
us-or-057,-11.90376064676365
us-or-059,5.701673896246143
us-or-061,5.518287300719432
us-or-063,4.164598583253445
us-or-065,9.265839248990876
us-or-067,-3.4789299720016986
us-or-069,5.0736552567237165
us-or-071,-6.7751485367960935
us-pa-001,2.444996740198163
us-pa-003,5.012718543672912
us-pa-005,22.702258207350244
us-pa-007,-2.249364926635211
us-pa-009,-22.633161301666192
us-pa-011,0.5115596149904533
us-pa-013,-11.707095097776394
us-pa-015,0.4881116926373802
us-pa-017,2.300774422754931
us-pa-019,29.44648762246191
us-pa-021,-4.569160769330566
us-pa-023,-0.2197752536901354
us-pa-025,-8.342029701686055
us-pa-027,4.087403857963562
us-pa-029,7.582086308288282
us-pa-031,5.311620674504147
us-pa-033,-1.6441513062976587
us-pa-035,0.8350716507036893
us-pa-037,-1.2441878934213224
us-pa-039,27.206802929324287
us-pa-041,3.725052350508562
us-pa-043,2.4548524734044177
us-pa-045,7.73322717985555
us-pa-047,-1.464545570528858
us-pa-049,24.56957181256298
us-pa-051,-4.007853159487046
us-pa-053,-1.0922161040709588
us-pa-055,-8.19483416352385
us-pa-057,-15.226445262083182
us-pa-059,12.163892390750064
us-pa-061,-2.5191426694408547
us-pa-063,-15.249119806839563
us-pa-065,-4.299411305201023
us-pa-067,-0.9090587401150874
us-pa-069,-11.759151073442176
us-pa-071,1.264319352518306
us-pa-073,25.834793562418845
us-pa-075,2.0530315454398487
us-pa-077,8.113002402729302
us-pa-079,-5.414293948007398
us-pa-081,-0.22547982488260176
us-pa-083,1.4973114639948937
us-pa-085,35.81219293047086
us-pa-087,0.23381700802559413
us-pa-089,-2.4228534525700174
us-pa-091,-7.336740049817225
us-pa-093,-0.7786637545614317
us-pa-095,1.8631990592994363
us-pa-097,-2.4450379919267573
us-pa-099,-0.36997577018531014
us-pa-101,-8.048307009362887
us-pa-103,0.21047272191467292
us-pa-105,0.9488119505699388
us-pa-107,-11.124062910561811
us-pa-109,0.25279320721947884
us-pa-111,-2.0104320061056087
us-pa-113,-1.753680734214
us-pa-115,0.408340107705496
us-pa-117,0.1722540625983121
us-pa-119,0.4524223970843011
us-pa-121,0.5791116312469535
us-pa-123,-0.8827591007924018
us-pa-125,26.123437167963065
us-pa-127,0.7004148689511991
us-pa-129,18.421577365940305
us-pa-131,-1.6612546469190081
us-pa-133,2.4059890563003563
us-ri-001,-2.280884770146574
us-ri-003,-10.966042961172079
us-ri-005,-4.117509273068909
us-ri-007,-7.156476131899659
us-ri-009,-3.3704976972510736
us-sc-001,1.0349453304023204
us-sc-003,1.5871821456080015
us-sc-005,-2.4928067321676184
us-sc-007,1.7860624110807661
us-sc-009,-5.305093406852057
us-sc-011,1.4819802042382368
us-sc-013,3.660918801853974
us-sc-015,1.546652566453316
us-sc-017,-4.3352143843863935
us-sc-019,3.8541293156513836
us-sc-021,0.3274280174650923
us-sc-023,-0.0970050970525993
us-sc-025,-1.277347302467935
us-sc-027,-5.16144586096755
us-sc-029,-4.693845332784546
us-sc-031,-2.43545314065155
us-sc-033,3.4660659835542287
us-sc-035,0.8942025227990202
us-sc-037,0.8772579181486051
us-sc-039,-0.4799007946677092
us-sc-041,0.5965366032561759
us-sc-043,0.959468225610971
us-sc-045,2.7571180111352342
us-sc-047,2.5416255778616446
us-sc-049,-6.925561542656333
us-sc-051,-0.04045243277462918
us-sc-053,-2.4267124636964676
us-sc-055,-0.5542869673872575
us-sc-057,0.40927234674305035
us-sc-059,4.24290988410439
us-sc-061,-1.4507202683672449
us-sc-063,2.4391832947482985
us-sc-065,3.158653167422493
us-sc-067,1.4243887561224966
us-sc-069,0.07778684779395917
us-sc-071,
us-sc-073,1.5589956802961047
us-sc-075,-2.457824947649123
us-sc-077,2.004034982500602
us-sc-079,1.6919121414777694
us-sc-081,1.5952787684234249
us-sc-083,3.7666261677296142
us-sc-085,-1.6347931684760009
us-sc-087,
us-sc-089,-4.808182845912756
us-sc-091,0.7592110518651163
us-sd-003,-10.458614737711864
us-sd-005,-6.0216951611183624
us-sd-007,-0.8971187760524024
us-sd-009,-11.334870979096841
us-sd-011,-3.4328102883088074
us-sd-013,-6.319456185416167
us-sd-015,-6.070686276299855
us-sd-017,1.224489795918371
us-sd-019,-4.780782946085468
us-sd-021,-2.739923602066416
us-sd-023,-6.29136522791317
us-sd-025,-10.680628572637522
us-sd-027,-0.6896272963375583
us-sd-029,-6.104796143898722
us-sd-031,0.7375141937045082
us-sd-033,-3.4912328707360247
us-sd-035,-4.820655083772735
us-sd-037,-7.544580970136122
us-sd-039,-5.881868131868129
us-sd-041,-4.628753024288423
us-sd-043,-3.8609559279950356
us-sd-045,-7.355929580948459
us-sd-047,-3.4448721078061517
us-sd-049,-8.179820669356571
us-sd-051,-4.217254379381485
us-sd-053,-8.656145384983263
us-sd-055,-3.1559220389805103
us-sd-057,-6.051997120146729
us-sd-059,-6.533002403013547
us-sd-061,-5.526690623912922
us-sd-063,-5.263610561623806
us-sd-065,-2.3272896554378306
us-sd-067,-3.9619912605396657
us-sd-069,-7.244288518564926
us-sd-071,-1.9650245953632184
us-sd-073,-7.795712216259664
us-sd-075,-5.637973664539128
us-sd-077,-7.14163308934887
us-sd-079,-5.2247274890731665
us-sd-081,-3.602638578210221
us-sd-083,-1.8819615442098592
us-sd-085,-7.969653799282539
us-sd-087,-8.009306550300494
us-sd-089,-3.519891688766061
us-sd-091,-4.449807259187338
us-sd-093,-5.094117242725693
us-sd-095,-4.691973066790051
us-sd-097,-10.037112010796218
us-sd-099,-3.435695030693897
us-sd-101,-12.153329771835125
us-sd-103,-3.3304596688348562
us-sd-105,-4.308795462082368
us-sd-107,-3.889415879802971
us-sd-109,-4.386860244359991
us-sd-111,-7.326162759974037
us-sd-113,4.296022097258434
us-sd-115,-5.875145572739015
us-sd-117,-6.672198764045173
us-sd-119,-6.323426613610889
us-sd-121,-1.6622390891840588
us-sd-123,-7.099872580811165
us-sd-125,-6.02001303442588
us-sd-127,1.6879452773193693
us-sd-129,-4.6177969951708695
us-sd-135,-5.630004128739219
us-sd-137,-6.518904823989574
us-tn-001,2.378284526630053
us-tn-003,-6.522884631157444
us-tn-005,-1.576732242422882
us-tn-007,-9.634508618314117
us-tn-009,4.450737320340825
us-tn-011,-6.160703063073855
us-tn-013,1.3154593628809303
us-tn-015,0.664939761341829
us-tn-017,3.1581392187075146
us-tn-019,4.1641797270534635
us-tn-021,-7.3656227934024905
us-tn-023,3.721677680110344
us-tn-025,1.8953838267566998
us-tn-027,3.022033088578935
us-tn-029,4.121249905304336
us-tn-031,0.8189294597381325
us-tn-033,4.027626107814469
us-tn-035,1.3621559524699955
us-tn-037,-5.907907991623096
us-tn-039,0.5702555499303485
us-tn-041,0.6199552195499863
us-tn-043,-10.858580216842888
us-tn-045,3.440643371083105
us-tn-047,3.6692081832736365
us-tn-049,-0.12253872330322546
us-tn-051,-4.023115697798674
us-tn-053,4.423553747728831
us-tn-055,3.055802070639219
us-tn-057,1.2924575424575424
us-tn-059,4.562201237267768
us-tn-061,-10.023904674669549
us-tn-063,4.096847077955651
us-tn-065,1.5965452565385674
us-tn-067,4.300606798664622
us-tn-069,10.800238028335995
us-tn-071,1.0415026471946058
us-tn-073,3.1028559736411414
us-tn-075,6.814149539010961
us-tn-077,2.5994573308961044
us-tn-079,2.1656649965188954
us-tn-081,2.103385055711382
us-tn-083,-0.9802926168905546
us-tn-085,1.6779888258178555
us-tn-087,1.1565401213713078
us-tn-089,1.635754839272524
us-tn-091,3.182587889828967
us-tn-093,6.40416157782564
us-tn-095,1.9516390890154
us-tn-097,6.389016394126113
us-tn-099,0.25114237540465045
us-tn-101,0.7142653838998564
us-tn-103,-1.991433589582603
us-tn-105,3.6840960883955773
us-tn-107,1.8639789529462936
us-tn-109,0.6541976851600295
us-tn-111,-0.8220945720945727
us-tn-113,8.488647891336004
us-tn-115,-4.172527991062747
us-tn-117,-11.526351926599258
us-tn-119,-4.040981176571595
us-tn-121,-9.938982985080417
us-tn-123,0.2795447525128725
us-tn-125,6.156193248021208
us-tn-127,-7.909383849233473
us-tn-129,-0.6491868349607077
us-tn-131,-0.5838768303957936
us-tn-133,0.4348273489422738
us-tn-135,3.2094415224714483
us-tn-137,-0.8421177662923052
us-tn-139,-2.33006754479147
us-tn-141,1.794765147674568
us-tn-143,-9.148371713451583
us-tn-145,2.356584152407906
us-tn-147,3.5197604049014535
us-tn-149,-7.720977425823595
us-tn-151,0.6273971101660919
us-tn-153,-8.015004158849196
us-tn-155,2.972944322787638
us-tn-157,37.05008215798997
us-tn-159,0.0861926784360284
us-tn-161,0.5533096372115687
us-tn-163,4.346018387124631
us-tn-165,3.0396650811529202
us-tn-167,4.349386078383851
us-tn-169,1.9507193686404023
us-tn-171,4.278361677942094
us-tn-173,1.5247620828168773
us-tn-175,-8.763666421727729
us-tn-177,-12.920565981690608
us-tn-179,5.597365343609583
us-tn-181,2.088323843029986
us-tn-183,-53.166544057710865
us-tn-185,-0.38706522383706865
us-tn-187,6.621188945673581
us-tn-189,1.8131391093034215
us-tx-001,19.844495493903516
us-tx-003,16.912805988266236
us-tx-005,1.141713250307927
us-tx-007,-0.9486053604661149
us-tx-009,9.199159467662852
us-tx-011,6.8560235063663075
us-tx-013,-12.149346654847037
us-tx-015,2.9975321273530446
us-tx-017,22.14166201896263
us-tx-019,1.9359205819513392
us-tx-021,0.19038175211658626
us-tx-023,12.741827885256837
us-tx-025,-2.8432134851901827
us-tx-027,3.656889526216939
us-tx-029,-3.5805027483412744
us-tx-031,2.2474428018939534
us-tx-033,8.493150684931507
us-tx-035,-0.5720176589347481
us-tx-037,25.54187619212762
us-tx-039,1.3025257090363562
us-tx-041,4.794180240764256
us-tx-043,-8.306650676094785
us-tx-045,12.364130434782608
us-tx-047,-4.391618268736908
us-tx-049,11.557108227577356
us-tx-051,1.4398025773376177
us-tx-053,0.36611704661331235
us-tx-055,-4.402215442522611
us-tx-057,-1.2804306272535926
us-tx-059,10.198960387166158
us-tx-061,-4.267524567363079
us-tx-063,27.741083223249667
us-tx-065,8.400809716599191
us-tx-067,19.369734283862606
us-tx-069,26.339509263895845
us-tx-071,17.562254259501966
us-tx-073,20.661107802263253
us-tx-075,12.140115163147792
us-tx-077,10.681546432841769
us-tx-079,21.08768035516093
us-tx-081,9.838369641602249
us-tx-083,10.65056272303047
us-tx-085,7.564593808833542
us-tx-087,12.54325259515571
us-tx-089,1.8265391378120306
us-tx-091,2.4754529656904998
us-tx-093,15.065877410731336
us-tx-095,13.857677902621724
us-tx-097,14.741460357254779
us-tx-099,0.35174292423457154
us-tx-101,15.032679738562091
us-tx-103,-1.563977443383835
us-tx-105,-7.1794871794871815
us-tx-107,27.083333333333332
us-tx-109,-5.337675712499401
us-tx-111,14.378238341968913
us-tx-113,21.297834759765205
us-tx-115,23.43530732528768
us-tx-117,28.107210626185957
us-tx-119,17.536168347216133
us-tx-121,4.654219338387655
us-tx-123,-0.8323791489612625
us-tx-125,14.08140814081408
us-tx-127,2.5579620095863675
us-tx-129,13.037542662116042
us-tx-131,-9.435646919255936
us-tx-133,11.144621571161856
us-tx-135,28.05639200656994
us-tx-137,-0.29053801052303374
us-tx-139,2.0531461082292313
us-tx-141,-16.15142996117377
us-tx-143,7.992421340057537
us-tx-145,2.780409206737927
us-tx-147,17.701760212553967
us-tx-149,2.009259056279475
us-tx-151,23.308270676691727
us-tx-153,22.2052067381317
us-tx-155,22.027290448343077
us-tx-157,2.9601766897163873
us-tx-159,15.182648401826485
us-tx-161,0.7785378028273227
us-tx-163,2.0923514189963077
us-tx-165,12.922077922077921
us-tx-167,0.5590659383192975
us-tx-169,15.498652291105122
us-tx-171,2.7435622094595713
us-tx-173,5.629139072847682
us-tx-175,-4.616581907844042
us-tx-177,-0.27510178086207204
us-tx-179,9.466576637407158
us-tx-181,21.724734266914123
us-tx-183,0.9699421293720145
us-tx-185,23.014790726948494
us-tx-187,1.511890073740113
us-tx-189,23.71867238654324
us-tx-191,15.032080659945004
us-tx-193,-0.3316336994487773
us-tx-195,8.782742681047766
us-tx-197,16.457369464639786
us-tx-199,12.203687445127304
us-tx-201,5.5057756408540275
us-tx-203,0.8785667065627667
us-tx-205,8.862704918032787
us-tx-207,17.740112994350284
us-tx-209,2.047399352689283
us-tx-211,10.678466076696164
us-tx-213,18.868364120485936
us-tx-215,-2.2707027457765427
us-tx-217,0.04212674501921365
us-tx-219,17.23430447271235
us-tx-221,15.261594699565913
us-tx-223,18.540404786526814
us-tx-225,23.680114928768106
us-tx-227,20.291184225610458
us-tx-229,-6.979048795178233
us-tx-231,20.270013310515306
us-tx-233,10.472103004291846
us-tx-235,11.74934725848564
us-tx-237,9.373134328358208
us-tx-239,-0.269579469035755
us-tx-241,19.300991131977046
us-tx-243,-7.55667506297229
us-tx-245,-0.44482777224746917
us-tx-247,-6.993420090379687
us-tx-249,-3.228963515108818
us-tx-251,0.41208837455805614
us-tx-253,15.704697986577182
us-tx-255,-4.1135857758811785
us-tx-257,24.90730643402399
us-tx-259,3.1430415597061776
us-tx-261,-7.85203785976435
us-tx-263,13.594470046082948
us-tx-265,2.6014114524915506
us-tx-267,10.55327868852459
us-tx-269,3.1446540880503147
us-tx-271,-0.7834158723838414
us-tx-273,-2.0201310334064857
us-tx-275,18.06876371616679
us-tx-277,19.252055236150664
us-tx-279,19.299123904881103
us-tx-281,0.41354058252843495
us-tx-283,-4.8955905393405
us-tx-285,-0.6284059930873664
us-tx-287,1.553285708890892
us-tx-289,5.915575774850687
us-tx-291,20.0354390736391
us-tx-293,0.7450277080725043
us-tx-295,10.135135135135135
us-tx-297,-0.7594111563732908
us-tx-299,17.469129893749404
us-tx-301,-7.908653846153846
us-tx-303,28.30234413662852
us-tx-305,20.059731209556993
us-tx-307,15.533354817918143
us-tx-309,2.911736975679624
us-tx-311,-17.407696749431064
us-tx-313,20.54091862905106
us-tx-315,27.48938178386031
us-tx-317,15.096481271282633
us-tx-319,17.209528439474965
us-tx-321,-1.8147126610075393
us-tx-323,2.129655975623901
us-tx-325,1.9075493891265116
us-tx-327,17.824074074074073
us-tx-329,20.371047711940175
us-tx-331,1.0871082696006424
us-tx-333,10.824053452115812
us-tx-335,16.120218579234972
us-tx-337,10.285913528591353
us-tx-339,22.398745064310567
us-tx-341,20.779712339137017
us-tx-343,28.65473557208928
us-tx-345,6.504065040650407
us-tx-347,1.3649455785801345
us-tx-349,1.2890097407229073
us-tx-351,20.889049512106975
us-tx-353,21.18591723285979
us-tx-355,-2.504731555227835
us-tx-357,9.127248500999334
us-tx-359,8.227848101265822
us-tx-361,17.921875
us-tx-363,16.630963972736122
us-tx-365,0.18307707271966733
us-tx-367,2.4427961221565124
us-tx-369,19.667477696674776
us-tx-371,-5.069878714080311
us-tx-373,21.09107394720935
us-tx-375,26.725070678161323
us-tx-377,-1.0418051677525186
us-tx-379,13.358859817060202
us-tx-381,15.407421047785656
us-tx-383,-1.7274415297092283
us-tx-385,4.3344565258631365
us-tx-387,22.263127300910675
us-tx-389,-5.350867305532558
us-tx-391,-1.633337736098267
us-tx-393,3.6101083032490973
us-tx-395,2.291490492063597
us-tx-397,24.16891959547412
us-tx-399,11.97778952934955
us-tx-401,1.1609188153421934
us-tx-403,-0.1377411185398525
us-tx-405,0.33062320011704727
us-tx-407,19.704147732766124
us-tx-409,-2.042238607243574
us-tx-411,12.431056427662282
us-tx-413,-1.5884160196803583
us-tx-415,13.858952543013803
us-tx-417,6.848404255319148
us-tx-419,0.35784834105851426
us-tx-421,10.267379679144385
us-tx-423,1.172111056282532
us-tx-425,0.14242064731831428
us-tx-427,-6.68011025030043
us-tx-429,10.054897428488877
us-tx-431,11.058451816745656
us-tx-433,19.258202567760343
us-tx-435,-0.5247905708162859
us-tx-437,20.961887477313976
us-tx-439,4.053291004205578
us-tx-441,22.039380231211346
us-tx-443,-11.057124646040355
us-tx-445,22.444113263785397
us-tx-447,10.396039603960396
us-tx-449,27.571929079520118
us-tx-451,23.838977104394605
us-tx-453,4.903038034445917
us-tx-455,19.281537176274018
us-tx-457,15.568862275449103
us-tx-459,9.557349663472303
us-tx-461,-2.921841058341612
us-tx-463,0.18748394250401867
us-tx-465,-1.3165802440786911
us-tx-467,12.7866605756053
us-tx-469,-1.0571398344966787
us-tx-471,30.768842190341484
us-tx-473,1.501037149594675
us-tx-475,-2.72648710931874
us-tx-477,3.033533579491174
us-tx-479,-12.068290033650598
us-tx-481,-0.29768900332211023
us-tx-483,8.412836079791846
us-tx-485,23.006899446470264
us-tx-487,19.707673568818514
us-tx-489,-2.998564998929454
us-tx-491,3.8961251702651967
us-tx-493,-7.7621310528578125
us-tx-495,0.9093764850867103
us-tx-497,8.322158033994585
us-tx-499,8.50158833488026
us-tx-501,18.49761181068172
us-tx-503,11.366290385363955
us-tx-505,-16.668912281055213
us-tx-507,1.2138038639805337
us-ut-001,-2.452417610412165
us-ut-003,-3.298826501173703
us-ut-005,-3.9678242603206906
us-ut-007,-9.862865718903583
us-ut-009,-4.634395140724257
us-ut-011,-2.397529241280083
us-ut-013,-3.156319857947544
us-ut-015,-3.938028668011659
us-ut-017,-1.5902215224318117
us-ut-019,-5.774611524065626
us-ut-021,-1.8781975295413393
us-ut-023,-9.79614278187798
us-ut-025,-2.0751474501756073
us-ut-027,-0.5329983392966503
us-ut-029,-4.72218451291856
us-ut-031,-1.1242406427591625
us-ut-033,-2.3338938577892585
us-ut-035,-6.350375913209161
us-ut-037,-2.1259951640687778
us-ut-039,-4.218005251393385
us-ut-041,-1.6279227646953345
us-ut-043,-1.16744903842525
us-ut-045,-3.660709791459418
us-ut-047,-3.3014924728755584
us-ut-049,-3.8438768669259824
us-ut-051,-3.637635699269859
us-ut-053,-1.4466352160120959
us-ut-055,-2.0496129486277272
us-ut-057,-5.983197920214406
us-vt-001,-31.234432519198606
us-vt-003,-33.90864573466244
us-vt-005,-41.61985369747492
us-vt-007,-25.59039135725243
us-vt-009,-48.9891881290845
us-vt-011,-44.84836943435916
us-vt-013,-37.2788783430135
us-vt-015,-33.520930704204574
us-vt-017,-37.01483704185179
us-vt-019,-43.33764462318262
us-vt-021,-42.1610122468392
us-vt-023,-30.336421638568687
us-vt-025,-26.353998519396992
us-vt-027,-30.355102857282468
us-va-001,5.274592820510082
us-va-003,1.0238845709341193
us-va-005,1.8338547591960574
us-va-007,0.8103374796899543
us-va-009,3.221511033084351
us-va-011,0.9981230891497633
us-va-013,5.288685189032649
us-va-015,-1.629481439715283
us-va-017,3.429490823440895
us-va-019,0.912005592827389
us-va-021,-2.743832416512795
us-va-023,2.1717442590199503
us-va-025,2.824964694347487
us-va-027,-7.754512125334004
us-va-029,2.688537098437677
us-va-031,0.08414638340525638
us-va-033,0.14800067310189458
us-va-035,-1.678124095299921
us-va-036,-1.9752131966891628
us-va-037,1.1797384037936565
us-va-041,0.8832582502457109
us-va-043,0.5769224735037493
us-va-045,1.115273911148179
us-va-047,0.5273756187355261
us-va-049,2.3753372365247882
us-va-051,-10.212250209581228
us-va-053,-0.6804047687098191
us-va-057,9.198384274295208
us-va-059,-6.429921738742339
us-va-061,0.7335492652655651
us-va-063,-0.34977027792197357
us-va-065,0.555390278182305
us-va-067,-1.1658113429941996
us-va-069,0.11825002361714465
us-va-071,0.6988138030700697
us-va-073,2.727284947241404
us-va-075,1.8362328939446004
us-va-077,-2.5179267145750224
us-va-079,-1.5530607010998787
us-va-081,-0.7131352816282965
us-va-083,1.2214560214902082
us-va-085,2.161490738294253
us-va-087,1.7108093993548845
us-va-089,1.8640365403798653
us-va-091,3.142047617033872
us-va-093,-3.03927464305096
us-va-095,7.269427875250184
us-va-097,4.6870089381948254
us-va-099,4.735028226818594
us-va-101,2.3408682999965738
us-va-103,6.652242866238351
us-va-105,-4.330538478728196
us-va-107,5.198458087968683
us-va-109,-0.40058665949760375
us-va-111,1.0267787981135479
us-va-113,-0.6914686284675897
us-va-115,3.9188886700050665
us-va-117,2.281629043468636
us-va-119,6.54340712279744
us-va-121,1.693380109254794
us-va-125,-1.3220019705855957
us-va-127,2.4373226437140847
us-va-131,6.9785730592248685
us-va-133,7.215961106575374
us-va-135,1.5777422058560864
us-va-137,0.1464204944932712
us-va-139,-0.4713490223597183
us-va-141,-0.06540214286165635
us-va-143,0.03270052659783418
us-va-145,-0.02213288766430288
us-va-147,1.6745513923630773
us-va-149,-0.6997872151944751
us-va-153,-4.278468041796801
us-va-155,-0.5715296615114163
us-va-157,-1.692391261922499
us-va-159,12.122265379302494
us-va-161,3.726123205802667
us-va-163,1.2506964106820173
us-va-165,-2.0776965591440764
us-va-167,-5.466594006427733
us-va-169,-6.1276181794478575
us-va-171,0.435508848241134
us-va-173,-3.0564251367483584
us-va-175,-0.10434096824961103
us-va-177,0.662965002460153
us-va-179,3.3931098960082453
us-va-181,-0.6295521801007897
us-va-183,-0.4768505471410833
us-va-185,-4.754347765926053
us-va-187,-0.5258382502717207
us-va-191,-2.454304493645665
us-va-193,11.196756778155592
us-va-195,-5.258088768713315
us-va-197,-1.831360786729369
us-va-199,5.584545606012736
us-va-510,
us-va-515,
us-va-520,
us-va-530,
us-va-540,
us-va-550,
us-va-570,
us-va-580,
us-va-590,
us-va-595,1.5350265615540981
us-va-600,
us-va-610,
us-va-620,
us-va-630,
us-va-640,
us-va-650,
us-va-660,
us-va-670,
us-va-678,3.8089284827905967
us-va-680,
us-va-683,0.4039614646355827
us-va-685,1.5481539011950152
us-va-690,
us-va-700,
us-va-710,
us-va-720,
us-va-730,
us-va-735,4.390285701025329
us-va-740,
us-va-750,
us-va-760,
us-va-770,
us-va-775,5.971391855051344
us-va-790,
us-va-800,
us-va-810,
us-va-820,
us-va-830,
us-va-840,
us-wa-001,27.971576227390184
us-wa-003,-3.1507716729454014
us-wa-005,32.93888312694466
us-wa-007,6.580972040866618
us-wa-009,-10.768634657566533
us-wa-011,5.507641962773935
us-wa-013,-1.2355169126364944
us-wa-015,2.7796697043654897
us-wa-017,18.396039697794812
us-wa-019,-8.484522718365916
us-wa-021,37.46205733558179
us-wa-023,-0.8733309365996422
us-wa-025,27.552388344034433
us-wa-027,-14.172338597840445
us-wa-029,-9.25584595928733
us-wa-031,-7.843303100413179
us-wa-033,-4.149998928155085
us-wa-035,-10.140307485579381
us-wa-037,3.9199496888020544
us-wa-039,2.129905946587629
us-wa-041,2.255309639658437
us-wa-043,-4.210857118029601
us-wa-045,-10.9377728622155
us-wa-047,36.849803990404304
us-wa-049,2.4143294768776578
us-wa-051,-7.298146145072937
us-wa-053,-4.859447462842736
us-wa-055,-5.9381700523226115
us-wa-057,-7.465099408654202
us-wa-059,2.4760341422197296
us-wa-061,-6.778092474145536
us-wa-063,-0.6974240229927098
us-wa-065,-6.822657710759033
us-wa-067,-8.368597140929657
us-wa-069,0.5500053101954283
us-wa-071,4.1727068680941395
us-wa-073,-4.736315878385389
us-wa-075,0.3058219201330592
us-wa-077,40.24565916398714
us-wv-001,-13.790332019427783
us-wv-003,-0.8336520812409876
us-wv-005,-3.932841031361853
us-wv-007,-23.959776877712745
us-wv-009,4.242399537988161
us-wv-011,11.319207556425685
us-wv-013,-26.68830537860039
us-wv-015,-31.18230662477369
us-wv-017,-6.1793523288066
us-wv-019,-5.571319892947396
us-wv-021,-8.26061152691166
us-wv-023,-4.801693278384889
us-wv-025,-21.199283585116707
us-wv-027,-5.757354395305275
us-wv-029,-0.5141268323405945
us-wv-031,-10.132949817928688
us-wv-033,-7.571299445014256
us-wv-035,-23.09314511671253
us-wv-037,4.365747461730368
us-wv-039,-18.33270554373784
us-wv-041,-16.824660098061266
us-wv-043,-2.0597147697282465
us-wv-045,2.169463131740132
us-wv-047,6.5926330839171685
us-wv-049,-9.445377369340813
us-wv-051,2.7304606115209182
us-wv-053,-0.15304607054913988
us-wv-055,5.881563198653356
us-wv-057,-3.4431030713528292
us-wv-059,-0.5425039162403
us-wv-061,-4.807129633001189
us-wv-063,-6.637614374973028
us-wv-065,-5.561164793788093
us-wv-067,-7.225054622384638
us-wv-069,9.389380019354105
us-wv-071,-10.26294697426852
us-wv-073,-4.823972860912173
us-wv-075,-21.24528678137943
us-wv-077,-13.591928145638049
us-wv-079,-18.713701492601377
us-wv-081,-2.24590600847189
us-wv-083,-16.086367267053674
us-wv-085,-6.819240404590371
us-wv-087,-22.00028415057369
us-wv-089,-9.362640820884002
us-wv-091,-28.981389626233007
us-wv-093,-11.373563835498768
us-wv-095,-3.5633310519452346
us-wv-097,-11.898723230381666
us-wv-099,4.609253026568363
us-wv-101,-5.26630522413101
us-wv-103,-3.1172209597728817
us-wv-105,-23.3249451394714
us-wv-107,-2.289860963128512
us-wv-109,-3.0167258902984773
us-wi-001,-62.90830381739473
us-wi-003,-7.7702591950723265
us-wi-005,-6.777739396768862
us-wi-007,-6.104954457818579
us-wi-009,2.449616040326885
us-wi-011,-63.76111294114259
us-wi-013,-3.0886392945633503
us-wi-015,2.0212287517672065
us-wi-017,-29.727583032614618
us-wi-019,-0.9828870497951447
us-wi-021,-2.9920533939990666
us-wi-023,-55.68355826153215
us-wi-025,-2.899519861252864
us-wi-027,1.6446833788360204
us-wi-029,2.900798081971118
us-wi-031,-6.013727180589045
us-wi-033,-59.079356677528104
us-wi-035,-50.21435006461296
us-wi-037,-3.282171528567318
us-wi-039,0.47825021168610427
us-wi-041,1.079114143358506
us-wi-043,-58.682816585086684
us-wi-045,-6.876517158652501
us-wi-047,0.0493655170874574
us-wi-049,-7.084054979667187
us-wi-051,-3.213215512112766
us-wi-053,-49.372675360865614
us-wi-055,4.972582950127369
us-wi-057,-44.3273160064311
us-wi-059,9.94140978800358
us-wi-061,1.5893926094838806
us-wi-063,-48.48851638289915
us-wi-065,-8.088332911785267
us-wi-067,1.5448382186278364
us-wi-069,-0.9064158969491642
us-wi-071,1.5762328630984868
us-wi-073,2.2583901498287373
us-wi-075,-0.7904850987792977
us-wi-077,-1.7809118470390684
us-wi-078,7.842409833362596
us-wi-079,0.7095546433480204
us-wi-081,-53.35760001261119
us-wi-083,-0.1610718970170122
us-wi-085,0.08621527333000922
us-wi-087,-0.4211635608735165
us-wi-089,5.3235103598599505
us-wi-091,-63.95341016187164
us-wi-093,-60.42877687517279
us-wi-095,-2.7598069196697548
us-wi-097,-51.876981405204226
us-wi-099,-3.254177335986591
us-wi-101,11.636490503775171
us-wi-103,-43.506995527132204
us-wi-105,3.8042186179059243
us-wi-107,-5.341786863985304
us-wi-109,0.24966886660497956
us-wi-111,-7.140725658442015
us-wi-113,-1.9164555412789608
us-wi-115,-0.48690650177529715
us-wi-117,0.7774208684038386
us-wi-119,-1.0526697887073055
us-wi-121,-58.747108275277824
us-wi-123,-55.2604573099435
us-wi-125,1.5764440487053666
us-wi-127,9.791372714835699
us-wi-129,-4.0789710282348235
us-wi-131,6.0221315867024
us-wi-133,8.629073863027493
us-wi-135,-0.5391262495768268
us-wi-137,-0.042493935852205844
us-wi-139,1.1156089666739089
us-wi-141,-29.40730074852787
us-wy-001,-5.377119691148568
us-wy-003,-5.917310164153525
us-wy-005,-5.247353332186584
us-wy-007,-12.080833823874432
us-wy-009,-6.751859251336861
us-wy-011,-7.013601764711132
us-wy-013,-6.938193526117878
us-wy-015,-4.85729074238391
us-wy-017,-8.889130696769406
us-wy-019,-5.2785262502212325
us-wy-021,-5.88476521511942
us-wy-023,-4.62844850597453
us-wy-025,-8.222038233420198
us-wy-027,-7.551628592045212
us-wy-029,-5.745710515309296
us-wy-031,-8.731517701064753
us-wy-033,-9.369913044073428
us-wy-035,-7.550016974028201
us-wy-037,-18.899056290022127
us-wy-039,-0.04445896514391201
us-wy-041,-7.115621198574418
us-wy-043,-6.724093368816869
us-wy-045,-8.905354496655463
