code,split_index
us-al-001,0.171657014
us-al-003,0.306263883
us-al-005,0.125327244
us-al-007,0.014135357
us-al-009,0.014449863
us-al-011,0.061128843
us-al-013,0.122864674
us-al-015,0.025302157
us-al-017,0.01529169
us-al-019,0.010962655
us-al-021,0.014598885
us-al-023,0.839284935
us-al-025,0.297905094
us-al-027,0.013695619
us-al-029,0.013323912
us-al-031,0.264511521
us-al-033,0.45584346
us-al-035,0.076329454
us-al-037,0.013074235
us-al-039,0.250384883
us-al-041,0.224460492
us-al-043,0.16982882
us-al-045,0.288066851
us-al-047,0.459866504
us-al-049,0.225178178
us-al-051,0.201709984
us-al-053,0.466963852
us-al-055,0.362646719
us-al-057,0.26014163
us-al-059,0.291420215
us-al-061,0.448428426
us-al-063,0.257598894
us-al-065,0.589761127
us-al-067,0.310078669
us-al-069,0.325277278
us-al-071,0.046576554
us-al-073,0.036809618
us-al-075,0.228853635
us-al-077,0.040306474
us-al-079,0.379354129
us-al-081,0.052109641
us-al-083,0.029925848
us-al-085,0.390867427
us-al-087,0.024178423
us-al-089,0.059936783
us-al-091,0.711331378
us-al-093,0.176321802
us-al-095,0.228766304
us-al-097,0.610419209
us-al-099,0.622566782
us-al-101,0.019165217
us-al-103,0.027261737
us-al-105,0.400094466
us-al-107,0.83731797
us-al-109,0.142198983
us-al-111,0.009664992
us-al-113,0.028770286
us-al-115,0.022237661
us-al-117,0.054468194
us-al-119,0.372440632
us-al-121,0.01534366
us-al-123,0.013988202
us-al-125,0.299034046
us-al-127,0.237982313
us-al-129,0.418013889
us-al-131,0.42463
us-al-133,0.135965775
us-az-001,0.039979505
us-az-003,0.135605554
us-az-005,0.046736099
us-az-007,0.319712313
us-az-009,0.278043663
us-az-011,0.231787472
us-az-012,0.046957997
us-az-013,0.082336759
us-az-015,0.036732303
us-az-017,0.116905028
us-az-019,0.058404087
us-az-021,0.02486064
us-az-023,0.346594746
us-az-025,0.048135753
us-az-027,0.203171784
us-ar-001,0.288604947
us-ar-003,0.249108066
us-ar-005,0.16193029
us-ar-007,0.297757344
us-ar-009,0.193292947
us-ar-011,0.340803271
us-ar-013,0.246150724
us-ar-015,0.263154912
us-ar-017,0.425889248
us-ar-019,0.378997833
us-ar-021,0.235901372
us-ar-023,0.138796416
us-ar-025,0.20851267
us-ar-027,0.302393365
us-ar-029,0.028832696
us-ar-031,0.281533468
us-ar-033,0.188791086
us-ar-035,0.383883846
us-ar-037,0.27160207
us-ar-039,0.357760354
us-ar-041,0.432926875
us-ar-043,0.302754681
us-ar-045,0.05063111
us-ar-047,0.166867299
us-ar-049,0.192566855
us-ar-051,0.279631564
us-ar-053,0.140584155
us-ar-055,0.211515919
us-ar-057,0.310495364
us-ar-059,0.209270013
us-ar-061,0.273944563
us-ar-063,0.159506313
us-ar-065,0.188309208
us-ar-067,0.315395078
us-ar-069,0.463962144
us-ar-071,0.213942125
us-ar-073,0.308897167
us-ar-075,0.229489562
us-ar-077,0.437554555
us-ar-079,0.25002522
us-ar-081,0.22124591
us-ar-083,0.181378362
us-ar-085,0.18243588
us-ar-087,0.157435235
us-ar-089,0.177281642
us-ar-091,0.201231223
us-ar-093,0.409966687
us-ar-095,0.407549601
us-ar-097,0.17482939
us-ar-099,0.274462686
us-ar-101,0.14577342
us-ar-103,0.381517474
us-ar-105,0.025120447
us-ar-107,0.474947835
us-ar-109,0.142501843
us-ar-111,0.227208133
us-ar-113,0.102600532
us-ar-115,0.218479321
us-ar-117,0.234179053
us-ar-119,0.12559733
us-ar-121,0.224206281
us-ar-123,0.423471705
us-ar-125,0.042070824
us-ar-127,0.142529853
us-ar-129,0.120851897
us-ar-131,0.264686487
us-ar-133,0.219989386
us-ar-135,0.185484273
us-ar-137,0.17434875
us-ar-139,0.306448403
us-ar-141,0.007677309
us-ar-143,0.409523589
us-ar-145,0.011050357
us-ar-147,0.406173171
us-ar-149,0.203191084
us-ca-001,0.034598089
us-ca-003,0.083784452
us-ca-005,0.071040979
us-ca-007,0.06584801
us-ca-009,0.067342585
us-ca-011,0.05865056
us-ca-013,0.057569592
us-ca-015,0.143698035
us-ca-017,0.097383933
us-ca-019,0.170504418
us-ca-021,0.063146532
us-ca-023,0.106868049
us-ca-025,0.049738425
us-ca-027,0.094598437
us-ca-029,0.163651176
us-ca-031,0.227924879
us-ca-033,0.147247037
us-ca-035,0.056374018
us-ca-037,0.047936128
us-ca-039,0.097012796
us-ca-041,0.038499901
us-ca-043,0.061818886
us-ca-045,0.086158716
us-ca-047,0.062087757
us-ca-049,0.040800882
us-ca-051,0.107016944
us-ca-053,0.066146862
us-ca-055,0.111183988
us-ca-057,0.079236157
us-ca-059,0.066905323
us-ca-061,0.116918076
us-ca-063,0.071642334
us-ca-065,0.036367485
us-ca-067,0.063545816
us-ca-069,0.059656182
us-ca-071,0.068217178
us-ca-073,0.07029748
us-ca-075,0.094563198
us-ca-077,0.061309739
us-ca-079,0.104965048
us-ca-081,0.041300079
us-ca-083,0.128327483
us-ca-085,0.035430359
us-ca-087,0.076525403
us-ca-089,0.043761899
us-ca-091,0.082644693
us-ca-093,0.075216398
us-ca-095,0.039546935
us-ca-097,0.047068902
us-ca-099,0.067219688
us-ca-101,0.080900679
us-ca-103,0.041239794
us-ca-105,0.093133835
us-ca-107,0.181333202
us-ca-109,0.064428513
us-ca-111,0.059221169
us-ca-113,0.056602859
us-ca-115,0.074551911
us-co-001,0.020767586
us-co-003,0.041615234
us-co-005,0.127150146
us-co-007,0.02496495
us-co-009,0.006929839
us-co-011,0.038306095
us-co-013,0.042892987
us-co-014,0.031980998
us-co-015,0.064305859
us-co-017,0.01020176
us-co-019,0.026619547
us-co-021,0.035511294
us-co-023,0.044996934
us-co-025,0.013829462
us-co-027,0.028933433
us-co-029,0.043208334
us-co-031,0.046875151
us-co-033,0.170097678
us-co-035,0.126198269
us-co-037,0.035194066
us-co-039,0.051285556
us-co-041,0.069372497
us-co-043,0.009238993
us-co-045,0.021843941
us-co-047,0.05291255
us-co-049,0.013938463
us-co-051,0.032181712
us-co-053,0.0441572
us-co-055,0.042350912
us-co-057,0.024642005
us-co-059,0.030805955
us-co-061,0.170394474
us-co-063,0.032779317
us-co-065,0.045380131
us-co-067,0.051997975
us-co-069,0.026589937
us-co-071,0.011471026
us-co-073,0.02890245
us-co-075,0.033991423
us-co-077,0.024486748
us-co-079,0.051327646
us-co-081,0.04733369
us-co-083,0.043609692
us-co-085,0.007516457
us-co-087,0.043695255
us-co-089,0.034838153
us-co-091,0.038528792
us-co-093,0.005911736
us-co-095,0.04224874
us-co-097,0.02563562
us-co-099,0.095304222
us-co-101,0.086933523
us-co-103,0.021109669
us-co-105,0.027894977
us-co-107,0.049768883
us-co-109,0.07846816
us-co-111,0.036143514
us-co-113,0.032539028
us-co-115,0.053511558
us-co-117,0.015439122
us-co-119,0.022888503
us-co-121,0.034624509
us-co-123,0.073757333
us-co-125,0.038977931
us-ct-001,0.029148039
us-ct-003,0.051014821
us-ct-005,0.105562018
us-ct-007,0.128155667
us-ct-009,0.143698398
us-ct-011,0.232439064
us-ct-013,0.159048786
us-ct-015,0.246772523
us-de-001,0.011257543
us-de-003,0.011648565
us-de-005,0.052176068
us-dc-001,
us-dc-001,
us-fl-001,0.054661157
us-fl-003,0.087423996
us-fl-005,0.034421215
us-fl-007,0.038393662
us-fl-009,0.07378775
us-fl-011,0.035089188
us-fl-013,0.026919215
us-fl-015,0.015779319
us-fl-017,0.007937568
us-fl-019,0.012336602
us-fl-021,0.09563609
us-fl-023,0.027315897
us-fl-027,0.014107989
us-fl-029,0.059817077
us-fl-031,0.093455304
us-fl-033,0.031705525
us-fl-035,0.026081055
us-fl-037,0.022573364
us-fl-039,0.116693017
us-fl-041,0.023686819
us-fl-043,0.019577684
us-fl-045,0.005541708
us-fl-047,0.176776096
us-fl-049,0.034035185
us-fl-051,0.033563348
us-fl-053,0.016486143
us-fl-055,0.011074126
us-fl-057,0.0272075
us-fl-059,0.053826623
us-fl-061,0.074907942
us-fl-063,0.016610478
us-fl-065,0.145860908
us-fl-067,0.047279704
us-fl-069,0.030236359
us-fl-071,0.06527693
us-fl-073,0.022745909
us-fl-075,0.020367986
us-fl-077,0.082545194
us-fl-079,0.122127696
us-fl-081,0.075794302
us-fl-083,0.008534206
us-fl-085,0.018768273
us-fl-086,0.313256958
us-fl-087,0.085430772
us-fl-089,0.071791737
us-fl-091,0.031976247
us-fl-093,0.009268493
us-fl-095,0.028703174
us-fl-097,0.019920997
us-fl-099,0.027790587
us-fl-101,0.118548045
us-fl-103,0.057528961
us-fl-105,0.020838357
us-fl-107,0.110725716
us-fl-109,0.083329556
us-fl-111,0.015911179
us-fl-113,0.03092053
us-fl-115,0.056406713
us-fl-117,0.040366782
us-fl-119,0.027495389
us-fl-121,0.022148061
us-fl-123,0.054328464
us-fl-125,0.039557393
us-fl-127,0.025514413
us-fl-129,0.028387588
us-fl-131,0.015955334
us-fl-133,0.004838951
us-ga-001,0.026225855
us-ga-003,0.011535885
us-ga-005,0.23880597
us-ga-007,0.142628205
us-ga-009,0.769669893
us-ga-011,0.169605735
us-ga-013,0.386854783
us-ga-015,0.034542602
us-ga-017,0.049455248
us-ga-019,0.021470379
us-ga-021,0.021584928
us-ga-023,0.048926003
us-ga-025,0.165608634
us-ga-027,0.038085409
us-ga-029,0.438344428
us-ga-031,0.068701423
us-ga-033,0.051694451
us-ga-035,0.428841707
us-ga-037,0.146306744
us-ga-039,0.505581715
us-ga-043,0.043156235
us-ga-045,0.03622066
us-ga-047,0.308947191
us-ga-049,0.390189243
us-ga-051,0.870316206
us-ga-053,0.089443984
us-ga-055,0.314650994
us-ga-057,0.074944308
us-ga-059,1.046346941
us-ga-061,0.114636149
us-ga-063,0.13997453
us-ga-065,0.436252546
us-ga-067,0.041867536
us-ga-069,0.021334505
us-ga-071,0.060827452
us-ga-073,0.112656014
us-ga-075,0.055874395
us-ga-077,0.056650664
us-ga-079,0.126093964
us-ga-081,0.139745951
us-ga-083,0.268103172
us-ga-085,0.220059499
us-ga-087,0.118557213
us-ga-089,0.065283565
us-ga-091,0.046390827
us-ga-093,0.15269928
us-ga-095,0.028928867
us-ga-097,0.661323565
us-ga-099,0.191481981
us-ga-101,0.214043993
us-ga-103,0.221781032
us-ga-105,0.4963691
us-ga-107,0.051091648
us-ga-109,0.068687488
us-ga-111,0.265958347
us-ga-113,0.027335901
us-ga-115,0.435549584
us-ga-117,0.169587072
us-ga-119,0.243413315
us-ga-121,0.086593487
us-ga-123,0.256674235
us-ga-125,0.161151079
us-ga-127,0.543983306
us-ga-129,0.282636215
us-ga-131,0.171111006
us-ga-133,0.560494803
us-ga-135,0.132051301
us-ga-137,0.264390815
us-ga-139,0.382649164
us-ga-141,1.141759777
us-ga-143,0.220965044
us-ga-145,0.052275936
us-ga-147,0.407581299
us-ga-149,0.022037338
us-ga-151,0.125802462
us-ga-153,0.062725327
us-ga-155,0.036060115
us-ga-157,0.281408606
us-ga-159,0.406451613
us-ga-161,0.017577741
us-ga-163,0.834601033
us-ga-165,0.047843158
us-ga-167,0.470699946
us-ga-169,0.037385614
us-ga-171,0.021752046
us-ga-173,0.038706269
us-ga-175,0.049697233
us-ga-177,0.077894338
us-ga-179,0.916000743
us-ga-181,0.482569478
us-ga-183,0.527325723
us-ga-185,0.055203564
us-ga-187,0.315171026
us-ga-189,0.613454899
us-ga-191,0.604353718
us-ga-193,0.094250578
us-ga-195,0.334180697
us-ga-197,0.145359246
us-ga-199,0.035211175
us-ga-201,0.175842216
us-ga-205,0.142876403
us-ga-207,0.052807905
us-ga-209,0.044861039
us-ga-211,0.44828496
us-ga-213,0.242173704
us-ga-215,0.019213855
us-ga-217,0.053365407
us-ga-219,0.472207057
us-ga-221,0.444186395
us-ga-223,0.450616428
us-ga-225,0.048087276
us-ga-227,0.240525716
us-ga-229,0.199767474
us-ga-231,0.026169028
us-ga-233,0.326028843
us-ga-235,0.073624358
us-ga-237,0.455628162
us-ga-239,0.20716481
us-ga-241,0.303678679
us-ga-243,0.171316358
us-ga-245,0.076480745
us-ga-247,0.022417826
us-ga-249,0.145576803
us-ga-251,0.062410252
us-ga-253,0.142508015
us-ga-255,0.039362922
us-ga-257,0.310494142
us-ga-259,0.194316681
us-ga-261,0.100013715
us-ga-263,0.064090647
us-ga-265,0.914715719
us-ga-267,0.050452214
us-ga-269,0.143999745
us-ga-271,0.009905328
us-ga-273,0.11518005
us-ga-275,0.049715594
us-ga-277,0.103287821
us-ga-279,0.042679213
us-ga-281,0.293613247
us-ga-283,0.060581474
us-ga-285,0.061038018
us-ga-287,0.100207872
us-ga-289,0.031286227
us-ga-291,0.264652242
us-ga-293,0.030923614
us-ga-295,0.296940224
us-ga-297,0.337092732
us-ga-299,0.442465529
us-ga-301,0.856898029
us-ga-303,0.757830044
us-ga-305,0.315038894
us-ga-307,0.147119114
us-ga-309,0.038465085
us-ga-311,0.245200034
us-ga-313,0.426952182
us-ga-315,0.05815224
us-ga-317,0.632634864
us-ga-319,0.04375552
us-ga-321,0.025858748
us-hi-001,0.176898546
us-hi-003,0.15570828
us-hi-007,0.218679857
us-hi-009,0.173930773
us-id-001,0.101666118
us-id-003,0.050076216
us-id-005,0.083005015
us-id-007,0.074047055
us-id-009,0.044827076
us-id-011,0.054446069
us-id-013,0.174589581
us-id-015,0.061314422
us-id-017,0.057437155
us-id-019,0.107525553
us-id-021,0.063277244
us-id-023,0.030105213
us-id-025,0.035444441
us-id-027,0.083475344
us-id-029,0.064146602
us-id-031,0.034380431
us-id-033,0.057174931
us-id-035,0.047510955
us-id-037,0.039920042
us-id-039,0.025412166
us-id-041,0.143510278
us-id-043,0.058252188
us-id-045,0.050186248
us-id-047,0.016688552
us-id-049,0.040116777
us-id-051,0.053974559
us-id-053,0.016002842
us-id-055,0.062279605
us-id-057,0.127593171
us-id-059,0.002551063
us-id-061,0.041583356
us-id-063,0.032251722
us-id-065,0.258600766
us-id-067,0.006848964
us-id-069,0.063045396
us-id-071,0.079710945
us-id-073,0.038190879
us-id-075,0.048153796
us-id-077,0.075737995
us-id-079,0.065864441
us-id-081,0.0910807
us-id-083,0.01966639
us-id-085,0.059768378
us-id-087,0.046843721
us-il-001,0.044327697
us-il-003,0.009844913
us-il-005,0.340934366
us-il-007,0.66104671
us-il-009,0.06852601
us-il-011,0.621548935
us-il-013,0.027699435
us-il-015,0.241907967
us-il-017,0.110901468
us-il-019,0.245881451
us-il-021,0.155246988
us-il-023,0.409245711
us-il-025,0.289606299
us-il-027,0.400683162
us-il-029,0.572405434
us-il-031,0.026343349
us-il-033,0.394935839
us-il-035,0.337075624
us-il-037,0.522982683
us-il-039,0.123686965
us-il-041,0.421777451
us-il-043,0.158754896
us-il-045,0.396862695
us-il-047,0.234837168
us-il-049,0.313220512
us-il-051,0.325769431
us-il-053,0.410100063
us-il-055,0.086249923
us-il-057,0.275839511
us-il-059,0.403952715
us-il-061,0.033064857
us-il-063,0.594343864
us-il-065,0.326692271
us-il-067,0.059115187
us-il-069,0.328212291
us-il-071,0.228825336
us-il-073,0.181989332
us-il-075,0.349081802
us-il-077,0.12780359
us-il-079,0.316004673
us-il-081,0.020783135
us-il-083,0.038940578
us-il-085,0.118564361
us-il-087,0.330267696
us-il-089,0.113627562
us-il-091,0.039466951
us-il-093,0.090786551
us-il-095,0.119926111
us-il-097,0.180136211
us-il-099,0.659450858
us-il-101,0.363964555
us-il-103,0.621831512
us-il-105,0.462455826
us-il-107,0.160453197
us-il-109,0.117964393
us-il-111,0.115778281
us-il-113,0.182844714
us-il-115,0.126868937
us-il-117,0.040018692
us-il-119,0.102457788
us-il-121,0.433378236
us-il-123,0.144020924
us-il-125,0.123386384
us-il-127,0.39144097
us-il-129,0.172694105
us-il-131,0.199075386
us-il-133,0.018173293
us-il-135,0.054893803
us-il-137,0.187561932
us-il-139,0.408801528
us-il-141,0.571889969
us-il-143,0.079217959
us-il-145,0.019692477
us-il-147,0.181329652
us-il-149,0.031050564
us-il-151,0.304154995
us-il-153,0.055449452
us-il-155,0.616361299
us-il-157,0.080465236
us-il-159,0.35619469
us-il-161,0.099212844
us-il-163,0.011690503
us-il-165,0.385980323
us-il-167,0.188110172
us-il-169,0.092801497
us-il-171,0.058526247
us-il-173,0.356494096
us-il-175,0.248675481
us-il-177,0.131672648
us-il-179,0.066059491
us-il-181,0.044263974
us-il-183,0.539826627
us-il-185,0.36465959
us-il-187,0.175890413
us-il-189,0.347381177
us-il-191,0.220070209
us-il-193,0.327334697
us-il-195,0.156194239
us-il-197,0.027014901
us-il-199,0.017509799
us-il-201,0.454203712
us-il-203,0.109261275
us-in-001,0.051384348
us-in-003,0.127703367
us-in-005,0.067851152
us-in-007,0.007312915
us-in-009,0.036361476
us-in-011,0.092027795
us-in-013,0.103247793
us-in-015,0.022819695
us-in-017,0.023581931
us-in-019,0.105485343
us-in-021,0.053413868
us-in-023,0.028626341
us-in-025,0.187692356
us-in-027,0.015212517
us-in-029,0.008075919
us-in-031,0.065279798
us-in-033,0.045319671
us-in-035,0.023689821
us-in-037,0.012289166
us-in-039,0.034854972
us-in-041,0.048294239
us-in-043,0.079269592
us-in-045,0.0659506
us-in-047,0.010465433
us-in-049,0.043884339
us-in-051,0.022361844
us-in-053,0.018156352
us-in-055,0.058947312
us-in-057,0.150817524
us-in-059,0.057759852
us-in-061,0.163571527
us-in-063,0.060940036
us-in-065,0.034684718
us-in-067,0.046560511
us-in-069,0.061465181
us-in-071,0.161653227
us-in-073,0.048456969
us-in-075,0.008586785
us-in-077,0.027840914
us-in-079,0.036669956
us-in-081,0.067492211
us-in-083,0.041119289
us-in-085,0.035036812
us-in-087,0.020310366
us-in-089,0.502470396
us-in-091,0.2699621
us-in-093,0.135830926
us-in-095,0.013327863
us-in-097,0.036838456
us-in-099,0.014164967
us-in-101,0.066020903
us-in-103,0.022422684
us-in-105,0.036952872
us-in-107,0.059007359
us-in-109,0.069677653
us-in-111,0.064456667
us-in-113,0.042013417
us-in-115,0.02715416
us-in-117,0.186629552
us-in-119,0.051845474
us-in-121,0.041543622
us-in-123,0.028242731
us-in-125,0.091166498
us-in-127,0.671532743
us-in-129,0.002699897
us-in-131,0.010515183
us-in-133,0.002218211
us-in-135,0.007830227
us-in-137,0.018580273
us-in-139,0.037428621
us-in-141,0.011376874
us-in-143,0.188822186
us-in-145,0.076383974
us-in-147,0.013244422
us-in-149,0.060349775
us-in-151,0.07354998
us-in-153,0.190085899
us-in-155,0.055262246
us-in-157,0.037851174
us-in-159,0.001414916
us-in-161,0.015786968
us-in-163,0.048132093
us-in-165,0.119557859
us-in-167,0.032535139
us-in-169,0.010421667
us-in-171,0.061770985
us-in-173,0.027109205
us-in-175,0.197278178
us-in-177,0.026708659
us-in-179,0.034039852
us-in-181,0.001679994
us-in-183,0.078056477
us-ia-001,0.045375987
us-ia-003,0.039555929
us-ia-005,0.021127642
us-ia-007,0.193442083
us-ia-009,0.058265721
us-ia-011,0.016213969
us-ia-013,0.052506986
us-ia-015,0.033288011
us-ia-017,0.051954138
us-ia-019,0.026752953
us-ia-021,0.062550782
us-ia-023,0.012897439
us-ia-025,0.048805516
us-ia-027,0.060262508
us-ia-029,0.036915147
us-ia-031,0.13586055
us-ia-033,0.017379341
us-ia-035,0.096284357
us-ia-037,
us-ia-039,0.160003572
us-ia-041,
us-ia-043,0.015476238
us-ia-045,0.093485458
us-ia-047,
us-ia-049,0.118432847
us-ia-051,0.306394098
us-ia-053,0.156634127
us-ia-055,0.031313445
us-ia-057,0.128519132
us-ia-059,
us-ia-061,0.066634967
us-ia-063,0.073872656
us-ia-065,
us-ia-067,0.028032107
us-ia-069,0.032290967
us-ia-071,0.047934767
us-ia-073,0.049431076
us-ia-075,0.039572609
us-ia-077,0.037963728
us-ia-079,0.010297358
us-ia-081,0.055556881
us-ia-083,0.021351606
us-ia-085,
us-ia-087,0.16638651
us-ia-089,
us-ia-091,
us-ia-093,
us-ia-095,
us-ia-097,
us-ia-099,
us-ia-101,
us-ia-103,
us-ia-105,0.022431637
us-ia-107,
us-ia-109,
us-ia-111,0.176431001
us-ia-113,0.058620304
us-ia-115,0.1430227
us-ia-117,0.127209147
us-ia-119,0.03974036
us-ia-121,0.05271162
us-ia-123,0.119547038
us-ia-125,0.073995434
us-ia-127,0.023675519
us-ia-129,0.031556094
us-ia-131,0.024611384
us-ia-133,0.086222585
us-ia-135,0.281655707
us-ia-137,0.040679107
us-ia-139,0.083856506
us-ia-141,0.086212596
us-ia-143,0.078028231
us-ia-145,0.042183629
us-ia-147,0.08138018
us-ia-149,0.065576329
us-ia-151,0.040058522
us-ia-153,0.078859118
us-ia-155,
us-ia-157,0.009118187
us-ia-159,0.032914303
us-ia-161,0.07551624
us-ia-163,0.027364444
us-ia-165,
us-ia-167,
us-ia-169,
us-ia-171,0.016685639
us-ia-173,0.036735375
us-ia-175,0.02365317
us-ia-177,
us-ia-179,
us-ia-181,0.035487125
us-ia-183,
us-ia-185,
us-ia-187,
us-ia-189,0.035814812
us-ia-191,0.039646387
us-ia-193,0.04979315
us-ia-195,0.007134795
us-ia-197,0.03582348
us-ks-001,
us-ks-003,
us-ks-005,
us-ks-007,
us-ks-009,
us-ks-011,
us-ks-013,
us-ks-015,
us-ks-017,
us-ks-019,
us-ks-021,
us-ks-023,
us-ks-025,
us-ks-027,
us-ks-029,
us-ks-031,
us-ks-033,
us-ks-035,
us-ks-037,
us-ks-039,
us-ks-041,
us-ks-043,
us-ks-045,
us-ks-047,
us-ks-049,
us-ks-051,
us-ks-053,
us-ks-055,
us-ks-057,
us-ks-059,
us-ks-061,
us-ks-063,
us-ks-065,
us-ks-067,
us-ks-069,
us-ks-071,
us-ks-073,
us-ks-075,
us-ks-077,
us-ks-079,
us-ks-081,
us-ks-083,
us-ks-085,
us-ks-087,
us-ks-089,
us-ks-091,
us-ks-093,
us-ks-095,
us-ks-097,
us-ks-099,
us-ks-101,
us-ks-103,
us-ks-105,
us-ks-107,
us-ks-109,
us-ks-111,
us-ks-113,
us-ks-115,
us-ks-117,
us-ks-119,
us-ks-121,
us-ks-123,
us-ks-125,
us-ks-127,
us-ks-129,
us-ks-131,
us-ks-133,
us-ks-135,
us-ks-137,
us-ks-139,
us-ks-141,
us-ks-143,
us-ks-145,
us-ks-147,
us-ks-149,
us-ks-151,
us-ks-153,
us-ks-155,
us-ks-157,
us-ks-159,
us-ks-161,
us-ks-163,
us-ks-165,
us-ks-167,
us-ks-169,
us-ks-171,
us-ks-173,
us-ks-175,
us-ks-177,
us-ks-179,
us-ks-181,
us-ks-183,
us-ks-185,
us-ks-187,
us-ks-189,
us-ks-191,
us-ks-193,
us-ks-195,
us-ks-197,
us-ks-199,
us-ks-201,
us-ks-203,
us-ks-205,
us-ks-207,
us-ks-209,
us-ky-001,0.025673969
us-ky-003,0.03364144
us-ky-005,0.036343861
us-ky-007,0.04180328
us-ky-009,0.386331675
us-ky-011,0.023971019
us-ky-013,0.289565754
us-ky-015,0.095221375
us-ky-017,0.064282361
us-ky-019,0.03602172
us-ky-021,0.544299397
us-ky-023,0.017978032
us-ky-025,0.438393168
us-ky-027,0.372692045
us-ky-029,0.387770662
us-ky-031,0.290799857
us-ky-033,0.022876515
us-ky-035,0.048381855
us-ky-037,0.103221537
us-ky-039,0.044673712
us-ky-041,0.029931689
us-ky-043,0.372543296
us-ky-045,0.027720873
us-ky-047,0.023675022
us-ky-049,0.048144306
us-ky-051,0.189448796
us-ky-053,0.056562322
us-ky-055,0.018850378
us-ky-057,0.085649818
us-ky-059,0.523533521
us-ky-061,0.304824561
us-ky-063,0.429071804
us-ky-065,0.03324981
us-ky-067,0.10172103
us-ky-069,0.018201997
us-ky-071,0.396281741
us-ky-073,0.053903631
us-ky-075,0.042775204
us-ky-077,0.02493881
us-ky-079,0.320805457
us-ky-081,0.038035205
us-ky-083,0.029962047
us-ky-085,0.315478442
us-ky-087,0.258203638
us-ky-089,0.062654073
us-ky-091,0.495692666
us-ky-093,0.536588192
us-ky-095,0.215115739
us-ky-097,0.026725462
us-ky-099,0.386701542
us-ky-101,0.03191759
us-ky-103,0.038287047
us-ky-105,0.053243135
us-ky-107,0.04099087
us-ky-109,0.155062716
us-ky-111,0.070709765
us-ky-113,0.155291285
us-ky-115,0.225031341
us-ky-117,0.099735512
us-ky-119,0.351986812
us-ky-121,0.250374625
us-ky-123,0.346631066
us-ky-125,0.240043491
us-ky-127,0.28939093
us-ky-129,0.276715411
us-ky-131,0.150712378
us-ky-133,0.285964528
us-ky-135,0.014540554
us-ky-137,0.330038699
us-ky-139,0.05044993
us-ky-141,0.02317161
us-ky-143,0.019498952
us-ky-145,0.027836038
us-ky-147,0.189750693
us-ky-149,0.050314872
us-ky-151,0.05465137
us-ky-153,0.367083659
us-ky-155,0.064798631
us-ky-157,0.05055214
us-ky-159,0.159752087
us-ky-161,0.047524669
us-ky-163,0.415665113
us-ky-165,0.020155964
us-ky-167,0.381908361
us-ky-169,0.058033303
us-ky-171,0.106938972
us-ky-173,0.033535491
us-ky-175,0.345549738
us-ky-177,0.133838315
us-ky-179,0.50898952
us-ky-181,0.036831386
us-ky-183,0.028743902
us-ky-185,0.107906945
us-ky-187,0.021987557
us-ky-189,0.234792496
us-ky-191,0.026301307
us-ky-193,0.329360575
us-ky-195,0.28615447
us-ky-197,0.023498196
us-ky-199,0.258300346
us-ky-201,0.037146036
us-ky-203,0.230085189
us-ky-205,0.601435353
us-ky-207,0.022255626
us-ky-209,0.065674878
us-ky-211,0.062868584
us-ky-213,0.034569065
us-ky-215,0.080481114
us-ky-217,0.031753072
us-ky-219,0.034595068
us-ky-221,0.019649228
us-ky-223,0.055967704
us-ky-225,0.118711519
us-ky-227,0.583316135
us-ky-229,0.395726019
us-ky-231,0.292354855
us-ky-233,0.041868057
us-ky-235,0.253775229
us-ky-237,0.017191651
us-ky-239,0.074753304
us-la-001,0.178424014
us-la-003,0.028015865
us-la-005,0.015539854
us-la-007,0.149450363
us-la-009,0.478626553
us-la-011,0.028615487
us-la-013,0.156682018
us-la-015,0.122302075
us-la-017,0.16885556
us-la-019,0.175661872
us-la-021,0.269394714
us-la-023,0.086370038
us-la-025,0.419686985
us-la-027,0.171719627
us-la-029,0.567064923
us-la-031,0.106863381
us-la-033,0.138751919
us-la-035,0.95236475
us-la-037,0.435658646
us-la-039,0.120045802
us-la-041,0.425780397
us-la-043,0.227128443
us-la-045,0.155325537
us-la-047,0.323604026
us-la-049,0.450763666
us-la-051,0.119124863
us-la-053,0.156055572
us-la-055,0.228805833
us-la-057,0.042891687
us-la-059,0.157634343
us-la-061,0.613932187
us-la-063,0.052532752
us-la-065,0.88271344
us-la-067,0.668874452
us-la-069,0.120473646
us-la-071,0.104008285
us-la-073,0.565990855
us-la-075,0.081832407
us-la-077,0.17593053
us-la-079,0.513493069
us-la-081,0.163012039
us-la-083,0.509377931
us-la-085,0.065946762
us-la-087,0.038456778
us-la-089,0.520782407
us-la-091,0.260873826
us-la-093,0.685932975
us-la-095,0.295458771
us-la-097,0.421122814
us-la-099,0.259135256
us-la-101,0.124180571
us-la-103,0.065682253
us-la-105,0.230037876
us-la-107,0.797488226
us-la-109,0.050710837
us-la-111,0.037029457
us-la-113,0.172077795
us-la-115,0.035096788
us-la-117,0.478741679
us-la-119,0.219670765
us-la-121,0.217449953
us-la-123,0.240911956
us-la-125,0.609242973
us-la-127,0.405838041
us-me-001,0.023144377
us-me-003,0.014798476
us-me-005,0.030015802
us-me-007,0.046583478
us-me-009,0.048850433
us-me-011,0.024463203
us-me-013,0.060480023
us-me-015,0.023302782
us-me-017,0.053243732
us-me-019,0.033946959
us-me-021,0.023890234
us-me-023,0.042872277
us-me-025,0.024354733
us-me-027,0.038331963
us-me-029,0.018725424
us-me-031,0.01472378
us-md-001,0.102371005
us-md-003,0.028141128
us-md-005,0.019420019
us-md-009,0.071117711
us-md-011,0.055406607
us-md-013,0.065397832
us-md-015,0.040448456
us-md-017,0.055713908
us-md-019,0.08582101
us-md-021,0.035543111
us-md-023,0.033550022
us-md-025,0.042247035
us-md-027,0.050902543
us-md-029,0.102442215
us-md-031,0.055986761
us-md-033,0.002180151
us-md-035,0.081478275
us-md-037,0.125405903
us-md-039,0.107461917
us-md-041,0.116690533
us-md-043,0.10379606
us-md-045,0.084287415
us-md-047,0.065379271
us-md-510,
us-ma-001,0.055216958
us-ma-003,0.266426202
us-ma-005,0.157668816
us-ma-007,0.042451878
us-ma-009,0.36780011
us-ma-011,0.334787902
us-ma-013,0.454551692
us-ma-015,0.310146168
us-ma-017,0.228250888
us-ma-019,0.063353232
us-ma-021,0.111861695
us-ma-023,0.131703285
us-ma-025,0.128286799
us-ma-027,0.438718033
us-mi-001,0.110346962
us-mi-003,0.076742972
us-mi-005,0.080114063
us-mi-007,0.128956133
us-mi-009,0.012812674
us-mi-011,0.212097031
us-mi-013,0.083346156
us-mi-015,0.061583031
us-mi-017,0.214869372
us-mi-019,0.018634869
us-mi-021,0.111036292
us-mi-023,0.012943388
us-mi-025,0.033461355
us-mi-027,0.081592193
us-mi-029,0.00482145
us-mi-031,0.067794426
us-mi-033,0.075731539
us-mi-035,0.010503179
us-mi-037,0.049229453
us-mi-039,0.084277086
us-mi-041,0.101519592
us-mi-043,0.092065795
us-mi-045,0.008698235
us-mi-047,0.015553465
us-mi-049,0.152539143
us-mi-051,0.005975119
us-mi-053,0.104545959
us-mi-055,0.024786074
us-mi-057,0.035438143
us-mi-059,0.051551105
us-mi-061,0.028969604
us-mi-063,0.071443702
us-mi-065,0.07128412
us-mi-067,0.061613314
us-mi-069,0.194630836
us-mi-071,0.107796075
us-mi-073,0.051810117
us-mi-075,0.018427615
us-mi-077,0.131954872
us-mi-079,0.096671502
us-mi-081,0.125624903
us-mi-083,0.009684025
us-mi-085,0.011268223
us-mi-087,0.01573596
us-mi-089,0.027743933
us-mi-091,0.011703878
us-mi-093,0.061777365
us-mi-095,0.092892481
us-mi-097,0.072676752
us-mi-099,0.085042443
us-mi-101,0.055422013
us-mi-103,0.027246328
us-mi-105,0.048303982
us-mi-107,0.019907269
us-mi-109,0.092169268
us-mi-111,0.117870164
us-mi-113,0.010293526
us-mi-115,0.038510928
us-mi-117,0.005526194
us-mi-119,0.135065004
us-mi-121,0.068565814
us-mi-123,0.041073482
us-mi-125,0.037949221
us-mi-127,0.088437572
us-mi-129,0.014189281
us-mi-131,0.111059932
us-mi-133,0.007951606
us-mi-135,0.113912498
us-mi-137,0.048426403
us-mi-139,0.122120138
us-mi-141,0.104252265
us-mi-143,0.012192641
us-mi-145,0.040046303
us-mi-147,0.045768742
us-mi-149,0.067258713
us-mi-151,0.016831511
us-mi-153,0.126151991
us-mi-155,0.016241981
us-mi-157,0.054519877
us-mi-159,0.087611727
us-mi-161,0.022465391
us-mi-163,0.025053715
us-mi-165,0.012536193
us-mn-001,0.12040744
us-mn-003,0.073934191
us-mn-005,0.259489571
us-mn-007,0.103915164
us-mn-009,0.048868011
us-mn-011,0.264051551
us-mn-013,0.085538306
us-mn-015,0.090444779
us-mn-017,0.071688586
us-mn-019,0.173938915
us-mn-021,0.071009268
us-mn-023,0.328606056
us-mn-025,0.131778394
us-mn-027,0.207107655
us-mn-029,0.231563572
us-mn-031,0.0499517
us-mn-033,0.163083377
us-mn-035,0.083842704
us-mn-037,0.019760089
us-mn-039,0.129294535
us-mn-041,0.204243361
us-mn-043,0.075054616
us-mn-045,0.165880944
us-mn-047,0.154776175
us-mn-049,0.040451933
us-mn-051,0.329078623
us-mn-053,0.131411607
us-mn-055,0.124929327
us-mn-057,0.11048686
us-mn-059,0.131724101
us-mn-061,0.118055449
us-mn-063,0.124715632
us-mn-065,0.147177733
us-mn-067,0.190330952
us-mn-069,0.388643891
us-mn-071,0.157517115
us-mn-073,0.344670846
us-mn-075,0.077767374
us-mn-077,0.326825562
us-mn-079,0.129327696
us-mn-081,0.295702018
us-mn-083,0.211888777
us-mn-085,0.157434388
us-mn-087,0.260204349
us-mn-089,0.416521703
us-mn-091,0.066446978
us-mn-093,0.202185466
us-mn-095,0.158766188
us-mn-097,0.186386241
us-mn-099,0.144807359
us-mn-101,0.210735502
us-mn-103,0.107436343
us-mn-105,0.139942457
us-mn-107,0.381409627
us-mn-109,0.060958654
us-mn-111,0.238792088
us-mn-113,0.318337697
us-mn-115,0.151779009
us-mn-117,0.156487271
us-mn-119,0.318940688
us-mn-121,0.273596758
us-mn-123,0.058718071
us-mn-125,0.396082518
us-mn-127,0.31047594
us-mn-129,0.303022501
us-mn-131,0.053879838
us-mn-133,0.093413524
us-mn-135,0.299007034
us-mn-137,0.062897447
us-mn-139,0.009065446
us-mn-141,0.067882578
us-mn-143,0.18298484
us-mn-145,0.0460555
us-mn-147,0.135747887
us-mn-149,0.228575402
us-mn-151,0.329300194
us-mn-153,0.285171083
us-mn-155,0.368083304
us-mn-157,0.092952987
us-mn-159,0.126279425
us-mn-161,0.178992209
us-mn-163,0.04873849
us-mn-165,0.106999396
us-mn-167,0.375155984
us-mn-169,0.104860792
us-mn-171,0.081800516
us-mn-173,0.321347477
us-ms-001,
us-ms-003,
us-ms-005,
us-ms-007,
us-ms-009,
us-ms-011,
us-ms-013,
us-ms-015,
us-ms-017,
us-ms-019,
us-ms-021,
us-ms-023,
us-ms-025,
us-ms-027,
us-ms-029,
us-ms-031,
us-ms-033,
us-ms-035,
us-ms-037,
us-ms-039,
us-ms-041,
us-ms-043,
us-ms-045,
us-ms-047,
us-ms-049,
us-ms-051,
us-ms-053,
us-ms-055,
us-ms-057,
us-ms-059,
us-ms-061,
us-ms-063,
us-ms-065,
us-ms-067,
us-ms-069,
us-ms-071,
us-ms-073,
us-ms-075,
us-ms-077,
us-ms-079,
us-ms-081,
us-ms-083,
us-ms-085,
us-ms-087,
us-ms-089,
us-ms-091,
us-ms-093,
us-ms-095,
us-ms-097,
us-ms-099,
us-ms-101,
us-ms-103,
us-ms-105,
us-ms-107,
us-ms-109,
us-ms-111,
us-ms-113,
us-ms-115,
us-ms-117,
us-ms-119,
us-ms-121,
us-ms-123,
us-ms-125,
us-ms-127,
us-ms-129,
us-ms-131,
us-ms-133,
us-ms-135,
us-ms-137,
us-ms-139,
us-ms-141,
us-ms-143,
us-ms-145,
us-ms-147,
us-ms-149,
us-ms-151,
us-ms-153,
us-ms-155,
us-ms-157,
us-ms-159,
us-ms-161,
us-ms-163,
us-mo-001,0.084010812
us-mo-003,0.017918178
us-mo-005,0.015944927
us-mo-007,0.006499849
us-mo-009,0.039363314
us-mo-011,0.006594123
us-mo-013,0.020523504
us-mo-015,0.038001299
us-mo-017,0.045593774
us-mo-019,0.080270453
us-mo-021,0.05403934
us-mo-023,0.005457857
us-mo-025,0.0072987
us-mo-027,0.048175195
us-mo-029,0.01201026
us-mo-031,0.017852046
us-mo-033,0.021100664
us-mo-035,0.029893638
us-mo-037,0.061309388
us-mo-039,0.00875446
us-mo-041,0.00443566
us-mo-043,0.058507857
us-mo-045,0.019795102
us-mo-047,0.05840213
us-mo-049,0.005745614
us-mo-051,0.076816118
us-mo-053,0.032741515
us-mo-055,0.016132789
us-mo-057,0.00528104
us-mo-059,0.007998273
us-mo-061,0.006705785
us-mo-063,0.016799717
us-mo-065,0.021305085
us-mo-067,0.000786353
us-mo-069,0.034237943
us-mo-071,0.007273314
us-mo-073,0.035047387
us-mo-075,0.01381434
us-mo-077,0.030319243
us-mo-079,0.007155117
us-mo-081,0.006279919
us-mo-083,0.008106387
us-mo-085,0.005573378
us-mo-087,0.014153976
us-mo-089,0.011943345
us-mo-091,0.011071852
us-mo-093,0.06607751
us-mo-095,0.015634753
us-mo-097,0.030539658
us-mo-099,0.04647516
us-mo-101,0.033471544
us-mo-103,0.056835711
us-mo-105,0.017601485
us-mo-107,0.143031186
us-mo-109,0.10467585
us-mo-111,0.008306845
us-mo-113,0.057238006
us-mo-115,0.016826874
us-mo-117,0.045559215
us-mo-119,0.029549438
us-mo-121,0.004737815
us-mo-123,0.074421957
us-mo-125,0.01246928
us-mo-127,0.016901083
us-mo-129,0.011685049
us-mo-131,0.010913792
us-mo-133,0.033393026
us-mo-135,0.013902529
us-mo-137,0.028750409
us-mo-139,0.006237888
us-mo-141,0.014530733
us-mo-143,0.036648382
us-mo-145,0.0473443
us-mo-147,0.068595598
us-mo-149,0.017282254
us-mo-151,0.029990346
us-mo-153,0.009403417
us-mo-155,0.027812727
us-mo-157,0.007343918
us-mo-159,0.004170097
us-mo-161,0.047720775
us-mo-163,0.051592354
us-mo-165,0.108689298
us-mo-167,0.024669977
us-mo-169,0.011590859
us-mo-171,0.020372011
us-mo-173,0.03208637
us-mo-175,0.031363142
us-mo-177,0.165556176
us-mo-179,0.031181308
us-mo-181,0.02736681
us-mo-183,0.031204418
us-mo-185,0.01686774
us-mo-186,0.050049501
us-mo-187,0.044033239
us-mo-189,0.066097072
us-mo-195,0.159914845
us-mo-197,0.021581638
us-mo-199,0.020714947
us-mo-201,0.028151037
us-mo-203,0.010863825
us-mo-205,0.014345031
us-mo-207,0.023397487
us-mo-209,0.047448249
us-mo-211,0.017602279
us-mo-213,0.023754696
us-mo-215,0.007164352
us-mo-217,0.010666665
us-mo-219,0.002241606
us-mo-221,0.095119216
us-mo-223,0.060187303
us-mo-225,0.003259146
us-mo-227,0.021333991
us-mo-229,0.006351382
us-mo-510,
us-mt-001,0.032839741
us-mt-003,0.040286209
us-mt-005,0.067248426
us-mt-007,0.022708748
us-mt-009,0.033770647
us-mt-011,0.01315593
us-mt-013,0.049610641
us-mt-015,0.045257245
us-mt-017,0.079026191
us-mt-019,0.058168995
us-mt-021,0.078694827
us-mt-023,0.091851776
us-mt-025,0.068524354
us-mt-027,0.052519223
us-mt-029,0.016457364
us-mt-031,0.051700188
us-mt-033,0.020516094
us-mt-035,0.042032945
us-mt-037,0.026698902
us-mt-039,0.044019378
us-mt-041,0.063350307
us-mt-043,0.030485308
us-mt-045,0.044439632
us-mt-047,0.05240438
us-mt-049,0.04948077
us-mt-051,0.017208983
us-mt-053,0.048009209
us-mt-055,0.044995821
us-mt-057,0.041122589
us-mt-059,0.015227496
us-mt-061,0.067337459
us-mt-063,0.040366888
us-mt-065,0.059735762
us-mt-067,0.035829829
us-mt-069,0.05603399
us-mt-071,0.060466107
us-mt-073,0.060460737
us-mt-075,0.04265837
us-mt-077,0.079298394
us-mt-079,0.089397678
us-mt-081,0.022432844
us-mt-083,0.048202753
us-mt-085,0.088794795
us-mt-087,0.059922692
us-mt-089,0.07299765
us-mt-091,0.015840242
us-mt-093,0.056532565
us-mt-095,0.058724053
us-mt-097,0.038297311
us-mt-099,0.053041021
us-mt-101,0.028004641
us-mt-103,0.064979754
us-mt-105,0.03834409
us-mt-107,0.055179373
us-mt-109,0.146657425
us-mt-111,0.03310655
us-ne-001,0.434914527
us-ne-003,0.225693386
us-ne-005,0.137362637
us-ne-007,0.135572139
us-ne-009,0.176656151
us-ne-011,0.279862306
us-ne-013,0.363424045
us-ne-015,0.205017301
us-ne-017,0.180651221
us-ne-019,0.423186142
us-ne-021,0.134009011
us-ne-023,0.087417104
us-ne-025,0.116646375
us-ne-027,0.265497738
us-ne-029,0.176765016
us-ne-031,0.20958948
us-ne-033,0.297495224
us-ne-035,0.287601958
us-ne-037,0.107533377
us-ne-039,0.123001523
us-ne-041,0.226026185
us-ne-043,0.60837713
us-ne-045,0.392954298
us-ne-047,0.430689056
us-ne-049,0.238821138
us-ne-051,0.349494614
us-ne-053,0.157142603
us-ne-055,0.029456834
us-ne-057,0.183105981
us-ne-059,0.379972798
us-ne-061,0.269575613
us-ne-063,0.224774096
us-ne-065,0.244017094
us-ne-067,0.511096736
us-ne-069,0.262790698
us-ne-071,0.223979592
us-ne-073,0.296039604
us-ne-075,0.118518519
us-ne-077,0.313191489
us-ne-079,0.489256573
us-ne-081,0.331734612
us-ne-083,0.252729258
us-ne-085,0.110894942
us-ne-087,0.215599455
us-ne-089,0.201152794
us-ne-091,0.196642686
us-ne-093,0.327989312
us-ne-095,0.433171151
us-ne-097,0.48611776
us-ne-099,0.315533981
us-ne-101,0.268839861
us-ne-103,0.039665971
us-ne-105,0.27549195
us-ne-107,0.312758202
us-ne-109,0.200091115
us-ne-111,0.336215982
us-ne-113,0.152317881
us-ne-115,0.223376623
us-ne-117,0.128919861
us-ne-119,0.067520123
us-ne-121,0.307022175
us-ne-123,0.248528746
us-ne-125,0.308760025
us-ne-127,0.454761152
us-ne-129,0.297278912
us-ne-131,0.15086916
us-ne-133,0.371137905
us-ne-135,0.218900344
us-ne-137,0.241107561
us-ne-139,0.21184573
us-ne-141,0.064790227
us-ne-143,0.084044545
us-ne-145,0.238781431
us-ne-147,0.379763469
us-ne-149,0.182957393
us-ne-151,0.583820093
us-ne-153,0.067757323
us-ne-155,0.10547373
us-ne-157,0.408220996
us-ne-159,0.136866336
us-ne-161,0.207246933
us-ne-163,0.37698665
us-ne-165,0.218070652
us-ne-167,0.067791048
us-ne-169,0.330297398
us-ne-171,0.162849873
us-ne-173,0.166100423
us-ne-175,0.269614512
us-ne-177,0.12899974
us-ne-179,0.397378178
us-ne-181,0.31088993
us-ne-183,0.255913978
us-ne-185,0.356370475
us-nv-001,0.045476665
us-nv-003,0.015796496
us-nv-005,0.080836411
us-nv-007,0.030622919
us-nv-009,0.004517556
us-nv-011,0.015163442
us-nv-013,0.06612537
us-nv-015,0.006130683
us-nv-017,0.030769526
us-nv-019,0.021928585
us-nv-021,0.013763701
us-nv-023,0.048976295
us-nv-027,0.031346576
us-nv-029,0.04269885
us-nv-031,0.08496916
us-nv-033,0.022744535
us-nv-510,
us-nh-001,0.057168085
us-nh-003,0.058874974
us-nh-005,0.01956511
us-nh-007,0.100768928
us-nh-009,0.01455798
us-nh-011,0.012080399
us-nh-013,0.029226705
us-nh-015,0.041119032
us-nh-017,0.053757767
us-nh-019,0.03333619
us-nj-001,0.147022171
us-nj-003,0.045471231
us-nj-005,0.163090289
us-nj-007,0.051289867
us-nj-009,0.137047876
us-nj-011,0.163530809
us-nj-013,0.032141317
us-nj-015,0.015807567
us-nj-017,0.033749983
us-nj-019,0.082131933
us-nj-021,0.090788526
us-nj-023,0.05164306
us-nj-025,0.028048997
us-nj-027,0.154164177
us-nj-029,0.052560395
us-nj-031,0.024322728
us-nj-033,0.125105599
us-nj-035,0.080695353
us-nj-037,0.031508651
us-nj-039,0.048596273
us-nj-041,0.028466661
us-nm-001,0.067840003
us-nm-003,0.063470387
us-nm-005,0.128922505
us-nm-006,0.275647457
us-nm-007,0.1405558
us-nm-009,0.05731921
us-nm-011,0.147644317
us-nm-013,0.118724818
us-nm-015,0.121716229
us-nm-017,0.095864497
us-nm-019,0.340821757
us-nm-021,0.108791904
us-nm-023,0.183853202
us-nm-025,0.155632197
us-nm-027,0.091986613
us-nm-028,0.130529525
us-nm-029,0.152446027
us-nm-031,0.083833859
us-nm-033,0.074533267
us-nm-035,0.131914451
us-nm-037,0.145625026
us-nm-039,0.103654033
us-nm-041,0.078038917
us-nm-043,0.07703418
us-nm-045,0.065324509
us-nm-047,0.075003499
us-nm-049,0.052302457
us-nm-051,0.102292648
us-nm-053,0.247661278
us-nm-055,0.068355453
us-nm-057,0.198558264
us-nm-059,0.088582329
us-nm-061,0.125499069
us-ny-001,0.125260754
us-ny-003,0.007847964
us-ny-005,0.068314847
us-ny-007,0.11281096
us-ny-009,0.060833338
us-ny-011,0.162762998
us-ny-013,0.056479093
us-ny-015,0.024071357
us-ny-017,0.094753822
us-ny-019,0.084420704
us-ny-021,0.079337994
us-ny-023,0.091572481
us-ny-025,0.012444022
us-ny-027,0.045070736
us-ny-029,0.107197206
us-ny-031,0.106730269
us-ny-033,0.079502791
us-ny-035,0.099777832
us-ny-037,0.030895304
us-ny-039,0.026590565
us-ny-041,0.080979815
us-ny-043,0.175678637
us-ny-045,0.195497635
us-ny-047,0.09810736
us-ny-049,0.121877931
us-ny-051,0.068672307
us-ny-053,0.077606163
us-ny-055,0.041987722
us-ny-057,0.2185021
us-ny-059,0.034921807
us-ny-061,0.071985703
us-ny-063,0.06559895
us-ny-065,0.110037465
us-ny-067,0.214295973
us-ny-069,0.095404107
us-ny-071,0.140609771
us-ny-073,0.020639331
us-ny-075,0.038113453
us-ny-077,0.013957103
us-ny-079,0.117923645
us-ny-081,0.059371005
us-ny-083,0.075955654
us-ny-085,0.102171269
us-ny-087,0.506804499
us-ny-089,0.140817975
us-ny-091,0.009788566
us-ny-093,0.181669357
us-ny-095,0.024633243
us-ny-097,0.023260578
us-ny-099,0.026104855
us-ny-101,0.01579663
us-ny-103,0.032932284
us-ny-105,0.044674725
us-ny-107,0.012634505
us-ny-109,0.026346054
us-ny-111,0.009004601
us-ny-113,0.194751135
us-ny-115,0.150062303
us-ny-117,0.075619565
us-ny-119,0.284624089
us-ny-121,0.031877894
us-ny-123,0.050926185
us-nc-001,0.03670286
us-nc-003,0.024069611
us-nc-005,0.021218277
us-nc-007,0.01449519
us-nc-009,0.032896816
us-nc-011,0.019585608
us-nc-013,0.096985938
us-nc-015,0.082385884
us-nc-017,0.011776942
us-nc-019,0.046057673
us-nc-021,0.046297532
us-nc-023,0.025153169
us-nc-025,0.048875216
us-nc-027,0.026994188
us-nc-029,0.053698723
us-nc-031,0.09330659
us-nc-033,0.029369269
us-nc-035,0.037861047
us-nc-037,0.041150574
us-nc-039,0.041151994
us-nc-041,0.062362093
us-nc-043,0.038469765
us-nc-045,0.026332618
us-nc-047,0.020501478
us-nc-049,0.092075938
us-nc-051,0.032895268
us-nc-053,0.064109472
us-nc-055,0.096137705
us-nc-057,0.028825521
us-nc-059,0.074562666
us-nc-061,0.010436868
us-nc-063,0.024124937
us-nc-065,0.04968699
us-nc-067,0.041601029
us-nc-069,0.029389235
us-nc-071,0.036482142
us-nc-073,0.081222165
us-nc-075,0.046697872
us-nc-077,0.040473228
us-nc-079,0.085157861
us-nc-081,0.051293767
us-nc-083,0.060007068
us-nc-085,0.024650159
us-nc-087,0.029362064
us-nc-089,0.043521058
us-nc-091,0.054288647
us-nc-093,0.031554197
us-nc-095,0.139147239
us-nc-097,0.030335017
us-nc-099,0.03564872
us-nc-101,0.035604202
us-nc-103,0.086257847
us-nc-105,0.027855178
us-nc-107,0.070813579
us-nc-109,0.030815247
us-nc-111,0.020907757
us-nc-113,0.032331869
us-nc-115,0.026773159
us-nc-117,0.093323401
us-nc-119,0.065860592
us-nc-121,0.020704799
us-nc-123,0.012538239
us-nc-125,0.050856263
us-nc-127,0.021769697
us-nc-129,0.058564336
us-nc-131,0.057456571
us-nc-133,0.071294351
us-nc-135,0.038692111
us-nc-137,0.084930836
us-nc-139,0.052129526
us-nc-141,0.029944458
us-nc-143,0.062836794
us-nc-145,0.025547962
us-nc-147,0.081779564
us-nc-149,0.097869766
us-nc-151,0.030126523
us-nc-153,0.011721017
us-nc-155,0.057227526
us-nc-157,0.027356527
us-nc-159,0.025401075
us-nc-161,0.015280462
us-nc-163,0.033437444
us-nc-165,0.01529799
us-nc-167,0.021407755
us-nc-169,0.056144195
us-nc-171,0.027988464
us-nc-173,0.060527759
us-nc-175,0.03657545
us-nc-177,0.123916363
us-nc-179,0.054940554
us-nc-181,0.049596173
us-nc-183,0.052425245
us-nc-185,0.045929999
us-nc-187,0.084627884
us-nc-189,0.052636291
us-nc-191,0.031622884
us-nc-193,0.039755302
us-nc-195,0.028667009
us-nc-197,0.03089949
us-nc-199,0.033480511
us-nd-001,0.107628558
us-nd-003,0.056210039
us-nd-005,0.065390353
us-nd-007,0.031391185
us-nd-009,0.07946136
us-nd-011,0.049778633
us-nd-013,0.03434254
us-nd-015,0.057056963
us-nd-017,0.122976843
us-nd-019,0.114087523
us-nd-021,0.067658853
us-nd-023,0.073572041
us-nd-025,0.010094927
us-nd-027,0.053348833
us-nd-029,0.021588278
us-nd-031,0.081851572
us-nd-033,0.020587793
us-nd-035,0.128512691
us-nd-037,0.062154327
us-nd-039,0.05902576
us-nd-041,0.059859918
us-nd-043,0.048328488
us-nd-045,0.052940601
us-nd-047,0.029652336
us-nd-049,0.07043671
us-nd-051,0.062619309
us-nd-053,0.010264577
us-nd-055,0.027925093
us-nd-057,0.017653209
us-nd-059,0.042246247
us-nd-061,0.0169569
us-nd-063,0.105491547
us-nd-065,0.01474495
us-nd-067,0.073898327
us-nd-069,0.133840573
us-nd-071,0.118503849
us-nd-073,0.100427112
us-nd-075,0.086256956
us-nd-077,0.044145513
us-nd-079,0.057410781
us-nd-081,0.060340511
us-nd-083,0.049320058
us-nd-085,0.099463841
us-nd-087,0.006036731
us-nd-089,0.040719646
us-nd-091,0.145094898
us-nd-093,0.062158584
us-nd-095,0.106835405
us-nd-097,0.109698993
us-nd-099,0.140933226
us-nd-101,0.08887817
us-nd-103,0.085613281
us-nd-105,0.021585052
us-oh-001,0.027507404
us-oh-003,0.058318137
us-oh-005,0.082941605
us-oh-007,0.040378992
us-oh-009,0.049814459
us-oh-011,0.041065025
us-oh-013,0.023299765
us-oh-015,0.034681152
us-oh-017,0.069891899
us-oh-019,0.035348584
us-oh-021,0.062421788
us-oh-023,0.039274246
us-oh-025,0.117542865
us-oh-027,0.062215213
us-oh-029,0.039126029
us-oh-031,0.030916904
us-oh-033,0.02635204
us-oh-035,0.051712102
us-oh-037,0.020625563
us-oh-039,0.121542686
us-oh-041,0.243408927
us-oh-043,0.159658803
us-oh-045,0.120422922
us-oh-047,0.054585621
us-oh-049,0.12800294
us-oh-051,0.139897649
us-oh-053,0.027914883
us-oh-055,0.151415119
us-oh-057,0.16223232
us-oh-059,0.04674108
us-oh-061,0.144640436
us-oh-063,0.141578146
us-oh-065,0.064348103
us-oh-067,0.041633732
us-oh-069,0.157247422
us-oh-071,0.034795234
us-oh-073,0.034699737
us-oh-075,0.091322828
us-oh-077,0.009813283
us-oh-079,0.030982105
us-oh-081,0.028756885
us-oh-083,0.049563706
us-oh-085,0.110431193
us-oh-087,0.022396508
us-oh-089,0.137166949
us-oh-091,0.06025134
us-oh-093,0.021524309
us-oh-095,0.0429084
us-oh-097,0.13763871
us-oh-099,0.165397259
us-oh-101,0.042218535
us-oh-103,0.095900124
us-oh-105,0.026618983
us-oh-107,0.027068295
us-oh-109,0.074741101
us-oh-111,0.104771193
us-oh-113,0.196648119
us-oh-115,0.056207267
us-oh-117,0.065327685
us-oh-119,0.092856463
us-oh-121,0.025338713
us-oh-123,0.03661377
us-oh-125,0.042503699
us-oh-127,0.046489322
us-oh-129,0.092038164
us-oh-131,0.077011525
us-oh-133,0.061898167
us-oh-135,0.019225514
us-oh-137,0.084107814
us-oh-139,0.010704486
us-oh-141,0.056608274
us-oh-143,0.044284585
us-oh-145,0.028358489
us-oh-147,0.059285312
us-oh-149,0.049172897
us-oh-151,0.054756682
us-oh-153,0.030698775
us-oh-155,0.2623804
us-oh-157,0.054389448
us-oh-159,0.101201784
us-oh-161,0.061738672
us-oh-163,0.043203747
us-oh-165,0.086847659
us-oh-167,0.056356555
us-oh-169,0.095030536
us-oh-171,0.113426561
us-oh-173,0.179147012
us-oh-175,0.115792152
us-ok-001,0.062717047
us-ok-003,0.039314813
us-ok-005,0.063168891
us-ok-007,0.0232405
us-ok-009,0.030973459
us-ok-011,0.057377274
us-ok-013,0.041838396
us-ok-015,0.048231286
us-ok-017,0.056712933
us-ok-019,0.006900994
us-ok-021,0.016714136
us-ok-023,0.083460269
us-ok-025,0.035058094
us-ok-027,0.071025725
us-ok-029,0.130534887
us-ok-031,0.088029037
us-ok-033,0.029621954
us-ok-035,0.021955679
us-ok-037,0.030536659
us-ok-039,0.077347444
us-ok-041,0.012898556
us-ok-043,0.023259336
us-ok-045,0.021256896
us-ok-047,0.059448058
us-ok-049,0.010201196
us-ok-051,0.017813585
us-ok-053,0.03246065
us-ok-055,0.038051847
us-ok-057,0.063127
us-ok-059,0.028622511
us-ok-061,0.066316761
us-ok-063,0.114370537
us-ok-065,0.043399708
us-ok-067,0.007225503
us-ok-069,0.095955699
us-ok-071,0.046321958
us-ok-073,0.048624022
us-ok-075,0.069958199
us-ok-077,0.057496019
us-ok-079,0.098931019
us-ok-081,0.041356494
us-ok-083,0.055414068
us-ok-085,0.00516586
us-ok-087,0.01914343
us-ok-089,0.08552753
us-ok-091,0.014978831
us-ok-093,0.035045267
us-ok-095,0.054068565
us-ok-097,0.006770981
us-ok-099,0.035763873
us-ok-101,0.02482494
us-ok-103,0.053533187
us-ok-105,0.009295981
us-ok-107,0.026549431
us-ok-109,0.061504407
us-ok-111,0.020787213
us-ok-113,0.025524866
us-ok-115,0.062139788
us-ok-117,0.030580606
us-ok-119,0.098962959
us-ok-121,0.033606723
us-ok-123,0.050972905
us-ok-125,0.006030316
us-ok-127,0.063885154
us-ok-129,0.022873116
us-ok-131,0.012783332
us-ok-133,0.059449136
us-ok-135,0.069407174
us-ok-137,0.019817035
us-ok-139,0.046506637
us-ok-141,0.073570629
us-ok-143,0.593876238
us-ok-145,0.372412141
us-ok-147,0.40150288
us-ok-149,0.039448117
us-ok-151,0.058728323
us-ok-153,0.044923378
us-or-001,0.124619645
us-or-003,0.041946165
us-or-005,0.144453173
us-or-007,0.095623111
us-or-009,0.086623612
us-or-011,0.156172425
us-or-013,0.147557487
us-or-015,0.122333386
us-or-017,0.252975788
us-or-019,0.193325404
us-or-021,0.255812824
us-or-023,0.11308411
us-or-025,0.090676854
us-or-027,0.248347386
us-or-029,0.207534349
us-or-031,0.208433155
us-or-033,0.095205537
us-or-035,0.170071988
us-or-037,0.102411334
us-or-039,0.084448399
us-or-041,0.092392384
us-or-043,0.115455541
us-or-045,0.113145039
us-or-047,0.043101777
us-or-049,0.187121015
us-or-051,0.165700405
us-or-053,0.049190199
us-or-055,0.17742003
us-or-057,0.113010218
us-or-059,0.186609318
us-or-061,0.179489904
us-or-063,0.152892772
us-or-065,0.24795147
us-or-067,0.070257671
us-or-069,0.157874389
us-or-071,0.059028338
us-pa-001,0.075568168
us-pa-003,0.110595338
us-pa-005,0.370769815
us-pa-007,0.023131129
us-pa-009,0.320882536
us-pa-011,0.041168792
us-pa-013,0.142533524
us-pa-015,0.053921955
us-pa-017,0.071909561
us-pa-019,0.483512068
us-pa-021,0.037667929
us-pa-023,0.029093255
us-pa-025,0.087008399
us-pa-027,0.111030026
us-pa-029,0.148348226
us-pa-031,0.118796067
us-pa-033,0.02501434
us-pa-035,0.05332119
us-pa-037,0.039478366
us-pa-039,0.449017439
us-pa-041,0.100737934
us-pa-043,0.070721566
us-pa-045,0.148135193
us-pa-047,0.03066424
us-pa-049,0.412997365
us-pa-051,0.037222713
us-pa-053,0.032856287
us-pa-055,0.087099134
us-pa-057,0.204028048
us-pa-059,0.209926034
us-pa-061,0.021556322
us-pa-063,0.19288824
us-pa-065,0.031838947
us-pa-067,0.029891286
us-pa-069,0.146529162
us-pa-071,0.036318784
us-pa-073,0.419814005
us-pa-075,0.043621009
us-pa-077,0.119218709
us-pa-079,0.052736749
us-pa-081,0.036803976
us-pa-083,0.061487654
us-pa-085,0.576028982
us-pa-087,0.037376402
us-pa-089,0.022981501
us-pa-091,0.07353287
us-pa-093,0.044143147
us-pa-095,0.050273166
us-pa-097,0.026194339
us-pa-099,0.041159857
us-pa-101,0.099727786
us-pa-103,0.033385818
us-pa-105,0.043908438
us-pa-107,0.133489966
us-pa-109,0.042660076
us-pa-111,0.018405056
us-pa-113,0.021524964
us-pa-115,0.051133849
us-pa-117,0.046785721
us-pa-119,0.044913197
us-pa-121,0.052287839
us-pa-123,0.039635244
us-pa-125,0.428736723
us-pa-127,0.04239897
us-pa-129,0.308512443
us-pa-131,0.029429576
us-pa-133,0.079461715
us-ri-001,0.059439845
us-ri-003,0.198645644
us-ri-005,0.05316404
us-ri-007,0.090490425
us-ri-009,0.103104532
us-sc-001,0.040095394
us-sc-003,0.043211641
us-sc-005,0.033408388
us-sc-007,0.06511065
us-sc-009,0.074127038
us-sc-011,0.009629424
us-sc-013,0.063360977
us-sc-015,0.031135194
us-sc-017,0.062839604
us-sc-019,0.077303027
us-sc-021,0.006270091
us-sc-023,0.000907274
us-sc-025,0.017398604
us-sc-027,0.078689285
us-sc-029,0.065407577
us-sc-031,0.014266225
us-sc-033,0.070572896
us-sc-035,0.02352951
us-sc-037,0.039239255
us-sc-039,0.007196793
us-sc-041,0.034590562
us-sc-043,0.044168676
us-sc-045,0.084421088
us-sc-047,0.075298029
us-sc-049,0.10477049
us-sc-051,0.030531065
us-sc-053,0.037352506
us-sc-055,0.013782249
us-sc-057,0.02104343
us-sc-059,0.094952001
us-sc-061,0.018571778
us-sc-063,0.033736859
us-sc-065,0.061859096
us-sc-067,0.039201116
us-sc-069,0.016537993
us-sc-071,
us-sc-073,0.065488761
us-sc-075,0.033656238
us-sc-077,0.078863041
us-sc-079,0.048661294
us-sc-081,0.049714978
us-sc-083,0.078436918
us-sc-085,0.010595176
us-sc-087,
us-sc-089,0.069749508
us-sc-091,0.043724056
us-sd-003,0.09078114
us-sd-005,0.030520348
us-sd-007,0.057307269
us-sd-009,0.114542231
us-sd-011,0.065880113
us-sd-013,0.033501391
us-sd-015,0.036080135
us-sd-017,0.065306122
us-sd-019,0.044586088
us-sd-021,0.014624726
us-sd-023,0.06058079
us-sd-025,0.087789392
us-sd-027,0.065993568
us-sd-029,0.032120633
us-sd-031,0.055318032
us-sd-033,0.047572431
us-sd-035,0.031228717
us-sd-037,0.060019825
us-sd-039,0.039821429
us-sd-041,0.033647804
us-sd-043,0.024892532
us-sd-045,0.055594418
us-sd-047,0.047608645
us-sd-049,0.072607865
us-sd-051,0.038116871
us-sd-053,0.082018173
us-sd-055,0.017645344
us-sd-057,0.034299146
us-sd-059,0.046839921
us-sd-061,0.040527478
us-sd-063,0.03090221
us-sd-065,0.055764163
us-sd-067,0.026549628
us-sd-069,0.07678027
us-sd-071,0.035836977
us-sd-073,0.060058744
us-sd-075,0.041702605
us-sd-077,0.041267969
us-sd-079,0.037831564
us-sd-081,0.072765392
us-sd-083,0.056223738
us-sd-085,0.066765074
us-sd-087,0.054426417
us-sd-089,0.029014438
us-sd-091,0.048115627
us-sd-093,0.05688033
us-sd-095,0.039497675
us-sd-097,0.078188259
us-sd-099,0.054502907
us-sd-101,0.128089241
us-sd-103,0.064301978
us-sd-105,0.031382548
us-sd-107,0.020196137
us-sd-109,0.030778478
us-sd-111,0.053792709
us-sd-113,0.11745238
us-sd-115,0.030942808
us-sd-117,0.042648393
us-sd-119,0.042586591
us-sd-121,0.05427704
us-sd-123,0.068855503
us-sd-125,0.030622826
us-sd-127,0.073438718
us-sd-129,0.026971572
us-sd-135,0.040747413
us-sd-137,0.037809648
us-tn-001,0.033568041
us-tn-003,0.066973846
us-tn-005,0.03756342
us-tn-007,0.113428435
us-tn-009,0.117806877
us-tn-011,0.0599578
us-tn-013,0.009963506
us-tn-015,0.052857648
us-tn-017,0.03071784
us-tn-019,0.023801494
us-tn-021,0.081313626
us-tn-023,0.045373544
us-tn-025,0.056922378
us-tn-027,0.019368009
us-tn-029,0.022470437
us-tn-031,0.024103809
us-tn-033,0.020779192
us-tn-035,0.030123908
us-tn-037,0.033310766
us-tn-039,0.012130391
us-tn-041,0.035064559
us-tn-043,0.123090479
us-tn-045,0.028973133
us-tn-047,0.042299425
us-tn-049,0.031728437
us-tn-051,0.029988286
us-tn-053,0.029917908
us-tn-055,0.025626488
us-tn-057,0.047858392
us-tn-059,0.039649857
us-tn-061,0.123484751
us-tn-063,0.044874564
us-tn-065,0.044148132
us-tn-067,0.028919132
us-tn-069,0.151556933
us-tn-071,0.010089086
us-tn-073,0.020131877
us-tn-075,0.049439866
us-tn-077,0.027529096
us-tn-079,0.115121176
us-tn-081,0.02003361
us-tn-083,0.011533505
us-tn-085,0.015824809
us-tn-087,0.041733792
us-tn-089,0.0537834
us-tn-091,0.019941937
us-tn-093,0.162759712
us-tn-095,0.077983178
us-tn-097,0.059065988
us-tn-099,0.022673827
us-tn-101,0.025634746
us-tn-103,0.019710198
us-tn-105,0.092113222
us-tn-107,0.023918563
us-tn-109,0.004142948
us-tn-111,0.058137602
us-tn-113,0.056253586
us-tn-115,0.031838518
us-tn-117,0.136317365
us-tn-119,0.029200675
us-tn-121,0.120844004
us-tn-123,0.018271562
us-tn-125,0.10259539
us-tn-127,0.08275559
us-tn-129,0.032535146
us-tn-131,0.060803096
us-tn-133,0.029307067
us-tn-135,0.022746806
us-tn-137,0.045312865
us-tn-139,0.062332573
us-tn-141,0.013399363
us-tn-143,0.095641775
us-tn-145,0.013188704
us-tn-147,0.031853861
us-tn-149,0.057966268
us-tn-151,0.032697713
us-tn-153,0.08510037
us-tn-155,0.019368864
us-tn-157,0.5577257
us-tn-159,0.034481047
us-tn-161,0.005355231
us-tn-163,0.056018903
us-tn-165,0.017557301
us-tn-167,0.045104359
us-tn-169,0.022370259
us-tn-171,0.025847708
us-tn-173,0.017191754
us-tn-175,0.114481851
us-tn-177,0.154358005
us-tn-179,0.070034694
us-tn-181,0.015362881
us-tn-183,0.791428321
us-tn-185,0.045016446
us-tn-187,0.127239296
us-tn-189,0.011688964
us-tx-001,0.193422544
us-tx-003,0.205522417
us-tx-005,0.022346999
us-tx-007,0.024461692
us-tx-009,0.094911997
us-tx-011,0.03927522
us-tx-013,0.171364344
us-tx-015,0.046512477
us-tx-017,0.269586199
us-tx-019,0.011900529
us-tx-021,0.026018292
us-tx-023,0.148442885
us-tx-025,0.020786879
us-tx-027,0.06685261
us-tx-029,0.105017086
us-tx-031,0.016739835
us-tx-033,0.097539838
us-tx-035,0.003197581
us-tx-037,0.265115475
us-tx-039,0.062366382
us-tx-041,0.105237604
us-tx-043,0.0829724
us-tx-045,0.14616615
us-tx-047,0.099436757
us-tx-049,0.133139251
us-tx-051,0.023727602
us-tx-053,0.014985919
us-tx-055,0.031312422
us-tx-057,0.023605026
us-tx-059,0.114588024
us-tx-061,0.029205801
us-tx-063,0.285612206
us-tx-065,0.075380674
us-tx-067,0.219674837
us-tx-069,0.307230146
us-tx-071,0.216630355
us-tx-073,0.220162767
us-tx-075,0.13844466
us-tx-077,0.111112221
us-tx-079,0.242945191
us-tx-081,0.105165353
us-tx-083,0.118409104
us-tx-085,0.113945202
us-tx-087,0.165060409
us-tx-089,0.028477236
us-tx-091,0.036400663
us-tx-093,0.167871636
us-tx-095,0.17645451
us-tx-097,0.158891278
us-tx-099,0.019623578
us-tx-101,0.16519021
us-tx-103,0.025575414
us-tx-105,0.097380755
us-tx-107,0.346011914
us-tx-109,0.064325493
us-tx-111,0.172820331
us-tx-113,0.219518683
us-tx-115,0.29784989
us-tx-117,0.348226952
us-tx-119,0.200988148
us-tx-121,0.086011247
us-tx-123,0.019508472
us-tx-125,0.174527731
us-tx-127,0.018049589
us-tx-129,0.129436981
us-tx-131,0.165316994
us-tx-133,0.125397163
us-tx-135,0.323055605
us-tx-137,0.022464715
us-tx-139,0.041688795
us-tx-141,0.324140664
us-tx-143,0.095926702
us-tx-145,0.044209349
us-tx-147,0.197877783
us-tx-149,0.033152789
us-tx-151,0.269753054
us-tx-153,0.28975652
us-tx-155,0.256729576
us-tx-157,0.082900586
us-tx-159,0.15746945
us-tx-161,0.013954532
us-tx-163,0.020707377
us-tx-165,0.15879987
us-tx-167,0.053039089
us-tx-169,0.180329028
us-tx-171,0.030077581
us-tx-173,0.07013796
us-tx-175,0.038234705
us-tx-177,0.02641104
us-tx-179,0.070970367
us-tx-181,0.241858899
us-tx-183,0.025889351
us-tx-185,0.373964125
us-tx-187,0.025518481
us-tx-189,0.296388854
us-tx-191,0.142260531
us-tx-193,0.001730739
us-tx-195,0.085624742
us-tx-197,0.205471081
us-tx-199,0.143573428
us-tx-201,0.096603626
us-tx-203,0.019626937
us-tx-205,0.108336993
us-tx-207,0.200461809
us-tx-209,0.040936328
us-tx-211,0.119070189
us-tx-213,0.221861075
us-tx-215,0.040615778
us-tx-217,0.002254044
us-tx-219,0.194717859
us-tx-221,0.168254354
us-tx-223,0.215452325
us-tx-225,0.375553693
us-tx-227,0.219582314
us-tx-229,0.099787332
us-tx-231,0.213070472
us-tx-233,0.11008379
us-tx-235,0.144641749
us-tx-237,0.113919321
us-tx-239,0.023548368
us-tx-241,0.219990476
us-tx-243,0.08900084
us-tx-245,0.024174546
us-tx-247,0.11351989
us-tx-249,0.027027231
us-tx-251,0.01684884
us-tx-253,0.165588095
us-tx-255,0.067083127
us-tx-257,0.280740324
us-tx-259,0.039537404
us-tx-261,0.101651536
us-tx-263,0.153207945
us-tx-265,0.02422407
us-tx-267,0.124867722
us-tx-269,0.027891715
us-tx-271,0.013622676
us-tx-273,0.03500027
us-tx-275,0.229148409
us-tx-277,0.204875315
us-tx-279,0.226938194
us-tx-281,0.012224586
us-tx-283,0.082398735
us-tx-285,0.013484226
us-tx-287,0.018229615
us-tx-289,0.092826794
us-tx-291,0.229795152
us-tx-293,0.011093689
us-tx-295,0.125219587
us-tx-297,0.013325665
us-tx-299,0.131218831
us-tx-301,0.088100962
us-tx-303,0.31652483
us-tx-305,0.243178424
us-tx-307,0.179639118
us-tx-309,0.063718891
us-tx-311,0.251095411
us-tx-313,0.321403591
us-tx-315,0.322531853
us-tx-317,0.164636084
us-tx-319,0.187458865
us-tx-321,0.017984489
us-tx-323,0.015724018
us-tx-325,0.018905309
us-tx-327,0.225883168
us-tx-329,0.229309866
us-tx-331,0.01527596
us-tx-333,0.126788414
us-tx-335,0.194480874
us-tx-337,0.111919135
us-tx-339,0.37743608
us-tx-341,0.262063358
us-tx-343,0.257949921
us-tx-345,0.062707067
us-tx-347,0.037860716
us-tx-349,0.022307406
us-tx-351,0.232172373
us-tx-353,0.246450885
us-tx-355,0.030012619
us-tx-357,0.099141422
us-tx-359,0.099558628
us-tx-361,0.210655026
us-tx-363,0.18966802
us-tx-365,0.003343146
us-tx-367,0.035294181
us-tx-369,0.215573568
us-tx-371,0.06948919
us-tx-373,0.247290695
us-tx-375,0.309045056
us-tx-377,0.015075843
us-tx-379,0.158324631
us-tx-381,0.170942552
us-tx-383,0.016143529
us-tx-385,0.043104571
us-tx-387,0.233227842
us-tx-389,0.085821389
us-tx-391,0.020327205
us-tx-393,0.028292856
us-tx-395,0.039109416
us-tx-397,0.275422732
us-tx-399,0.141098863
us-tx-401,0.02201572
us-tx-403,0.007988549
us-tx-405,0.005376181
us-tx-407,0.319346418
us-tx-409,0.024652124
us-tx-411,0.141834751
us-tx-413,0.018552383
us-tx-415,0.157032959
us-tx-417,0.068194056
us-tx-419,0.005316267
us-tx-421,0.128670575
us-tx-423,0.037733359
us-tx-425,0.018876794
us-tx-427,0.09451165
us-tx-429,0.106302926
us-tx-431,0.138757688
us-tx-433,0.187217968
us-tx-435,0.009649571
us-tx-437,0.265519223
us-tx-439,0.080035419
us-tx-441,0.239793227
us-tx-443,0.170485774
us-tx-445,0.262689751
us-tx-447,0.123062702
us-tx-449,0.308883088
us-tx-451,0.279810587
us-tx-453,0.079322283
us-tx-455,0.304928989
us-tx-457,0.17976138
us-tx-459,0.11590992
us-tx-461,0.039930504
us-tx-463,0.008891796
us-tx-465,0.009159378
us-tx-467,0.12570626
us-tx-469,0.026266529
us-tx-471,0.503005658
us-tx-473,0.028122533
us-tx-475,0.035994748
us-tx-477,0.054503816
us-tx-479,0.177071628
us-tx-481,0.021929964
us-tx-483,0.074591217
us-tx-485,0.25762789
us-tx-487,0.242130962
us-tx-489,0.020248347
us-tx-491,0.074329996
us-tx-493,0.105545792
us-tx-495,0.017067638
us-tx-497,0.087427141
us-tx-499,0.103351215
us-tx-501,0.224078871
us-tx-503,0.122729567
us-tx-505,0.247967929
us-tx-507,0.019641683
us-ut-001,0.098223097
us-ut-003,0.177116514
us-ut-005,0.257658477
us-ut-007,0.071410017
us-ut-009,0.040165531
us-ut-011,0.26943536
us-ut-013,0.058468283
us-ut-015,0.093156674
us-ut-017,0.121836406
us-ut-019,0.103048407
us-ut-021,0.13580949
us-ut-023,0.11410695
us-ut-025,0.097196987
us-ut-027,0.067921141
us-ut-029,0.193016481
us-ut-031,0.034053498
us-ut-033,0.132643645
us-ut-035,0.184221769
us-ut-037,0.128896369
us-ut-039,0.158842309
us-ut-041,0.081846819
us-ut-043,0.073848119
us-ut-045,0.192273349
us-ut-047,0.071520021
us-ut-049,0.322230646
us-ut-051,0.224551095
us-ut-053,0.088757686
us-ut-055,0.081881891
us-ut-057,0.140748691
us-vt-001,0.43450751
us-vt-003,0.510432706
us-vt-005,0.601278665
us-vt-007,0.350937404
us-vt-009,0.759817736
us-vt-011,0.633003699
us-vt-013,0.548194878
us-vt-015,0.447341372
us-vt-017,0.52687226
us-vt-019,0.644927619
us-vt-021,0.632122459
us-vt-023,0.408807502
us-vt-025,0.372724267
us-vt-027,0.439298904
us-va-001,0.109884651
us-va-003,0.08570018
us-va-005,0.03655456
us-va-007,0.039374351
us-va-009,0.087123652
us-va-011,0.046966927
us-va-013,0.114564872
us-va-015,0.045601733
us-va-017,0.096715332
us-va-019,0.061456305
us-va-021,0.035326741
us-va-023,0.076842837
us-va-025,0.059945139
us-va-027,0.117045991
us-va-029,0.069210154
us-va-031,0.047004935
us-va-033,0.051225852
us-va-035,0.028722404
us-va-036,0.020998635
us-va-037,0.046392355
us-va-041,0.069981739
us-va-043,0.065485917
us-va-045,0.020243156
us-va-047,0.053366647
us-va-049,0.070039213
us-va-051,0.147344312
us-va-053,0.022193794
us-va-057,0.150981188
us-va-059,0.101237172
us-va-061,0.064866122
us-va-063,0.018848681
us-va-065,0.066479347
us-va-067,0.035041551
us-va-069,0.057762788
us-va-071,0.028940723
us-va-073,0.066858819
us-va-075,0.079736274
us-va-077,0.03295869
us-va-079,0.067351016
us-va-081,0.01201993
us-va-083,0.040153104
us-va-085,0.059870267
us-va-087,0.083157811
us-va-089,0.028812263
us-va-091,0.091702964
us-va-093,0.029670976
us-va-095,0.147616531
us-va-097,0.077930533
us-va-099,0.097325604
us-va-101,0.051180729
us-va-103,0.114165075
us-va-105,0.060008064
us-va-107,0.141556974
us-va-109,0.046272971
us-va-111,0.041994222
us-va-113,0.046533158
us-va-115,0.079541933
us-va-117,0.057590256
us-va-119,0.108233385
us-va-121,0.070703287
us-va-125,0.047678852
us-va-127,0.049042689
us-va-131,0.140603182
us-va-133,0.122486916
us-va-135,0.052377002
us-va-137,0.046509021
us-va-139,0.032987756
us-va-141,0.002416852
us-va-143,0.025636007
us-va-145,0.053853682
us-va-147,0.073778884
us-va-149,0.032069935
us-va-153,0.055964127
us-va-155,0.015015511
us-va-157,0.031855358
us-va-159,0.188419551
us-va-161,0.100797467
us-va-163,0.073083786
us-va-165,0.043697254
us-va-167,0.074203188
us-va-169,0.084181489
us-va-171,0.061092914
us-va-173,0.035954558
us-va-175,0.027412515
us-va-177,0.058550198
us-va-179,0.075800253
us-va-181,0.028025254
us-va-183,0.01836429
us-va-185,0.072693606
us-va-187,0.050529773
us-va-191,0.026556185
us-va-193,0.174901278
us-va-195,0.076447009
us-va-197,0.011195079
us-va-199,0.148305787
us-va-510,
us-va-515,
us-va-520,
us-va-530,
us-va-540,
us-va-550,
us-va-570,
us-va-580,
us-va-590,
us-va-595,0.042409778
us-va-600,
us-va-610,
us-va-620,
us-va-630,
us-va-640,
us-va-650,
us-va-660,
us-va-670,
us-va-678,0.13094034
us-va-680,
us-va-683,0.068768504
us-va-685,0.075490874
us-va-690,
us-va-700,
us-va-710,
us-va-720,
us-va-730,
us-va-735,0.130136002
us-va-740,
us-va-750,
us-va-760,
us-va-770,
us-va-775,0.115282736
us-va-790,
us-va-800,
us-va-810,
us-va-820,
us-va-830,
us-va-840,
us-wa-001,0.475990525
us-wa-003,0.072680817
us-wa-005,0.574968448
us-wa-007,0.165640884
us-wa-009,0.0858522
us-wa-011,0.157364829
us-wa-013,0.066691343
us-wa-015,0.120461569
us-wa-017,0.341693668
us-wa-019,0.043679949
us-wa-021,0.630564924
us-wa-023,0.088731259
us-wa-025,0.484477528
us-wa-027,0.132209995
us-wa-029,0.058349771
us-wa-031,0.039576948
us-wa-033,0.04318397
us-wa-035,0.054426901
us-wa-037,0.130864663
us-wa-039,0.104935867
us-wa-041,0.107126081
us-wa-043,0.042134932
us-wa-045,0.078468331
us-wa-047,0.621964777
us-wa-049,0.104897286
us-wa-051,0.036699478
us-wa-053,0.059273074
us-wa-055,0.055143009
us-wa-057,0.043828019
us-wa-059,0.122084651
us-wa-061,0.049958935
us-wa-063,0.084716853
us-wa-065,0.043013315
us-wa-067,0.050792823
us-wa-069,0.085434134
us-wa-071,0.144183113
us-wa-073,0.055955159
us-wa-075,0.106060891
us-wa-077,0.66444373
us-wv-001,0.156475066
us-wv-003,0.049157294
us-wv-005,0.051238708
us-wv-007,0.313817085
us-wv-009,0.107326828
us-wv-011,0.196651085
us-wv-013,0.352177848
us-wv-015,0.432741329
us-wv-017,0.050436764
us-wv-019,0.099420143
us-wv-021,0.083799067
us-wv-023,0.052251388
us-wv-025,0.297338565
us-wv-027,0.047326859
us-wv-029,0.039233806
us-wv-031,0.114071157
us-wv-033,0.059349177
us-wv-035,0.305041634
us-wv-037,0.124499754
us-wv-039,0.227732029
us-wv-041,0.208056968
us-wv-043,0.019964929
us-wv-045,0.029904022
us-wv-047,0.126639491
us-wv-049,0.081018018
us-wv-051,0.088777732
us-wv-053,0.014358826
us-wv-055,0.256659515
us-wv-057,0.021179504
us-wv-059,0.009446182
us-wv-061,0.056884236
us-wv-063,0.299444894
us-wv-065,0.037820398
us-wv-067,0.092656068
us-wv-069,0.213647033
us-wv-071,0.123556608
us-wv-073,0.03016585
us-wv-075,0.285259973
us-wv-077,0.152453059
us-wv-079,0.231655589
us-wv-081,0.062679719
us-wv-083,0.194219378
us-wv-085,0.05958922
us-wv-087,0.283501499
us-wv-089,0.198793494
us-wv-091,0.386693925
us-wv-093,0.124848062
us-wv-095,0.023507921
us-wv-097,0.129988768
us-wv-099,0.089306909
us-wv-101,0.070422222
us-wv-103,0.046185643
us-wv-105,0.298263938
us-wv-107,0.038557715
us-wv-109,0.102795873
us-wi-001,0.903187721
us-wi-003,0.054404181
us-wi-005,0.050524458
us-wi-007,0.044350054
us-wi-009,0.1019792
us-wi-011,0.89803089
us-wi-013,0.028363277
us-wi-015,0.092457268
us-wi-017,0.389958611
us-wi-019,0.04826297
us-wi-021,0.030866447
us-wi-023,0.773915564
us-wi-025,0.053924455
us-wi-027,0.032221587
us-wi-029,0.100190754
us-wi-031,0.036876413
us-wi-033,0.814803813
us-wi-035,0.675234017
us-wi-037,0.018967388
us-wi-039,0.012177478
us-wi-041,0.053191117
us-wi-043,0.801051426
us-wi-045,0.041520157
us-wi-047,0.003412815
us-wi-049,0.042476159
us-wi-051,0.022252481
us-wi-053,0.681918862
us-wi-055,0.100043601
us-wi-057,0.61922273
us-wi-059,0.168148399
us-wi-061,0.071896299
us-wi-063,0.661055989
us-wi-065,0.069510846
us-wi-067,0.066204551
us-wi-069,0.059115411
us-wi-071,0.011361018
us-wi-073,0.091777025
us-wi-075,0.036200324
us-wi-077,0.057522206
us-wi-078,0.123109173
us-wi-079,0.111776833
us-wi-081,0.735798672
us-wi-083,0.041290946
us-wi-085,0.059599008
us-wi-087,0.060651753
us-wi-089,0.112033718
us-wi-091,0.909020329
us-wi-093,0.833327684
us-wi-095,0.046159645
us-wi-097,0.708822842
us-wi-099,0.029393624
us-wi-101,0.185370004
us-wi-103,0.596118279
us-wi-105,0.096334939
us-wi-107,0.030458396
us-wi-109,0.08377366
us-wi-111,0.048518382
us-wi-113,0.03778095
us-wi-115,0.045660757
us-wi-117,0.040659571
us-wi-119,0.0471407
us-wi-121,0.831846478
us-wi-123,0.768047083
us-wi-125,0.07308833
us-wi-127,0.156077931
us-wi-129,0.02988936
us-wi-131,0.123916392
us-wi-133,0.165531358
us-wi-135,0.050908734
us-wi-137,0.018147528
us-wi-139,0.033921241
us-wi-141,0.386479882
us-wy-001,0.03920434
us-wy-003,0.089534118
us-wy-005,0.148942862
us-wy-007,0.181001495
us-wy-009,0.139356964
us-wy-011,0.177334593
us-wy-013,0.105162917
us-wy-015,0.076672336
us-wy-017,0.14183173
us-wy-019,0.106735928
us-wy-021,0.075173577
us-wy-023,0.061109237
us-wy-025,0.130222686
us-wy-027,0.159049169
us-wy-029,0.128529264
us-wy-031,0.175470524
us-wy-033,0.13678459
us-wy-035,0.132837873
us-wy-037,0.270531059
us-wy-039,0.032721848
us-wy-041,0.098665205
us-wy-043,0.089746023
us-wy-045,0.216018472
