code,trump_diff
us-al-001,13.410117375494647
us-al-003,-20.933587793895512
us-al-005,9.432919583384763
us-al-007,-0.6531567597182986
us-al-009,-0.8401273204055149
us-al-011,4.386612561088851
us-al-013,9.075130264369674
us-al-015,-1.5483442062917296
us-al-017,-1.210935734246632
us-al-019,-0.13680815815000358
us-al-021,-0.9350841540460841
us-al-023,56.30828304991772
us-al-025,20.014056863697444
us-al-027,-0.6564540531931895
us-al-029,-0.5278145858628958
us-al-031,21.732868132683734
us-al-033,-30.910454769517326
us-al-035,4.891763378375824
us-al-037,-0.9790089105629396
us-al-039,20.085512291426454
us-al-041,17.256171658864993
us-al-043,-11.96875580293587
us-al-045,23.71048692350801
us-al-047,30.8056619838229
us-al-049,-15.505504580280437
us-al-051,16.693963794974664
us-al-053,-31.186112385595656
us-al-055,-24.4428260137994
us-al-057,-17.758616921808922
us-al-059,-20.018267363034546
us-al-061,35.60639156282811
us-al-063,17.172131147540984
us-al-065,39.46517412935324
us-al-067,24.994388661303695
us-al-069,26.709714955021983
us-al-071,2.1332202272988376
us-al-073,1.219352533333995
us-al-075,-15.449245194181426
us-al-077,1.3116434711765157
us-al-079,-25.705997613250485
us-al-081,-4.9666788354992715
us-al-083,-1.736560086119554
us-al-085,26.196888090963494
us-al-087,-2.1075062211520863
us-al-089,-5.409765634251096
us-al-091,47.598690194651624
us-al-093,-12.117700809350197
us-al-095,-15.915196490359563
us-al-097,-40.147150285731726
us-al-099,-41.1681766274001
us-al-101,1.0358552053042258
us-al-103,-1.7672324910774084
us-al-105,26.657824933687003
us-al-107,57.17878851393837
us-al-109,10.315328933186784
us-al-111,-0.15895767015750017
us-al-113,-2.6840881292110543
us-al-115,-1.5509816049439906
us-al-117,-5.333422681361267
us-al-119,24.66073935423491
us-al-121,-1.1417594870290704
us-al-123,-0.9666445431372961
us-al-125,19.675673717984303
us-al-127,-16.168956032924076
us-al-129,-27.890689267412817
us-al-131,28.391631252043155
us-al-133,-9.368903699935782
us-az-001,1.8682812425085293
us-az-003,-12.021475929210713
us-az-005,1.9479697298367404
us-az-007,-23.794759290751937
us-az-009,-17.584857203956272
us-az-011,-10.768404342318366
us-az-012,-3.123745279096013
us-az-013,-5.819850271345972
us-az-015,-2.1132399343708252
us-az-017,7.397299076996289
us-az-019,-5.290075307723607
us-az-021,-1.1124589154464237
us-az-023,21.392802917895608
us-az-025,-3.9931824991375042
us-az-027,11.507434132462185
us-ar-001,-13.253604786122498
us-ar-003,-10.015347023774634
us-ar-005,-5.647142093481383
us-ar-007,-15.313927394932247
us-ar-009,-10.248542442689978
us-ar-011,-16.05404733553739
us-ar-013,-10.533979374349855
us-ar-015,-10.782864354606769
us-ar-017,-14.451951612660253
us-ar-019,-16.670601926729177
us-ar-021,-12.06129104813315
us-ar-023,-5.187047426707303
us-ar-025,-10.073091672517565
us-ar-027,-12.573082374726962
us-ar-029,-2.292080094002269
us-ar-031,-13.341551347064783
us-ar-033,-8.883562936598267
us-ar-035,-12.028053640274505
us-ar-037,-12.619910269312385
us-ar-039,-14.75474348281175
us-ar-041,-17.124024090891805
us-ar-043,-12.345217956449817
us-ar-045,-3.9841164424095132
us-ar-047,-6.52424835694908
us-ar-049,-8.076886708914966
us-ar-051,-12.87799529842385
us-ar-053,-4.837461817987931
us-ar-055,-10.63446861603239
us-ar-057,-14.188988766943089
us-ar-059,-7.744650299877465
us-ar-061,-12.942167082347423
us-ar-063,-5.369611729529433
us-ar-065,-8.616163113057528
us-ar-067,-16.188460457506892
us-ar-069,-15.94128279495064
us-ar-071,-8.076609346173846
us-ar-073,-12.847758662265196
us-ar-075,-11.840776814445475
us-ar-077,-15.087246622609069
us-ar-079,-8.640786493153952
us-ar-081,-8.761285072429569
us-ar-083,-7.312182838822324
us-ar-085,-7.793403517728825
us-ar-087,-4.137033188615879
us-ar-089,-7.639519194508848
us-ar-091,-6.845513716454088
us-ar-093,-19.52590231325898
us-ar-095,-18.008774219135525
us-ar-097,-6.974369145501158
us-ar-099,-9.624333895148773
us-ar-101,-5.264792074452151
us-ar-103,-16.405396136836337
us-ar-105,-1.6335487043805386
us-ar-107,-16.500967890962738
us-ar-109,-5.646818351657856
us-ar-111,-10.54780110024305
us-ar-113,-2.897642813155721
us-ar-115,-10.770790846666712
us-ar-117,-11.60025140034403
us-ar-119,-8.812524399071082
us-ar-121,-11.251165812707885
us-ar-123,-15.220656414067719
us-ar-125,-2.9181248372099233
us-ar-127,-5.677486706367574
us-ar-129,-4.024567342172358
us-ar-131,-12.690841045704904
us-ar-133,-10.216825464679857
us-ar-135,-8.39530271226484
us-ar-137,-6.728217834948158
us-ar-139,-13.316202928416065
us-ar-141,0.6863270763307061
us-ar-143,-20.572690919663515
us-ar-145,-0.13551824239524946
us-ar-147,-18.874804485989284
us-ar-149,-8.826640641035432
us-ca-001,0.09021340537280209
us-ca-003,-8.285129658049033
us-ca-005,-7.076202832792888
us-ca-007,-3.9056531864390065
us-ca-009,-6.2027840159775804
us-ca-011,1.7990602693127467
us-ca-013,-4.878641940738904
us-ca-015,6.305125349718871
us-ca-017,-9.320169437858095
us-ca-019,-13.365763955191134
us-ca-021,-6.113994985394633
us-ca-023,2.8075081358055476
us-ca-025,-4.291741014873107
us-ca-027,-9.12212845213498
us-ca-029,-13.079394249005826
us-ca-031,-17.362174604175152
us-ca-033,6.549269024669546
us-ca-035,-4.37628599583223
us-ca-037,1.7078585451538038
us-ca-039,-8.575208238691145
us-ca-041,-1.385044871976543
us-ca-043,-5.942689086344877
us-ca-045,1.7325652169094707
us-ca-047,-5.711707324177018
us-ca-049,-2.4843580137153154
us-ca-051,-9.611086605990193
us-ca-053,-6.164578708192886
us-ca-055,4.825852983899664
us-ca-057,-5.804453668518306
us-ca-059,-6.666192707984486
us-ca-061,-10.381878442812376
us-ca-063,-6.091592035457882
us-ca-065,-1.3574026971436282
us-ca-067,-4.928783143671889
us-ca-069,-4.806624064361959
us-ca-071,-6.683952998299586
us-ca-073,-6.928601861619238
us-ca-075,7.5230942753149845
us-ca-077,-5.9692896887051985
us-ca-079,-9.895748267113785
us-ca-081,-2.3522723385470483
us-ca-083,-11.058946029905547
us-ca-085,0.12629864733096907
us-ca-087,-6.662079934726636
us-ca-089,-1.2898238323577615
us-ca-091,-6.638228126022494
us-ca-093,-5.688409346944545
us-ca-095,-0.7859228177055477
us-ca-097,-1.0203756780492705
us-ca-099,-6.470206052211397
us-ca-101,3.13522744678969
us-ca-103,-1.534724771604501
us-ca-105,2.3397700277527744
us-ca-107,-14.002815377795997
us-ca-109,-5.619456302724435
us-ca-111,-4.7361440260491605
us-ca-113,-3.2818338995563634
us-ca-115,2.1901755239537857
us-co-001,-1.277194026882006
us-co-003,-2.3806199851818532
us-co-005,-9.223421981727942
us-co-007,-1.6817427261369366
us-co-009,-0.12235151824985246
us-co-011,-2.5257071229170536
us-co-013,-3.829612012049624
us-co-014,-2.928170922349649
us-co-015,-5.488357162623375
us-co-017,-0.9270727486278885
us-co-019,1.4448598407921842
us-co-021,0.512024722648674
us-co-023,2.166055920887505
us-co-025,-0.8908708318008385
us-co-027,-2.7034304019347366
us-co-029,2.386686963453666
us-co-031,-4.129967958009129
us-co-033,11.062004029707683
us-co-035,-9.655488132750346
us-co-037,-3.4967659133596287
us-co-039,-4.277773614719971
us-co-041,-5.600334333413926
us-co-043,-0.7492314888066232
us-co-045,-0.5794364451839673
us-co-047,2.9354648272433503
us-co-049,0.5321718714727197
us-co-051,-0.05097694001477415
us-co-053,-2.5822787764222643
us-co-055,-3.7473253495854952
us-co-057,-0.7178674010863251
us-co-059,-1.9845300806227095
us-co-061,10.356282864022804
us-co-063,-2.9491707480647222
us-co-065,1.7159062206939635
us-co-067,-4.627292401426702
us-co-069,-1.8893494740691519
us-co-071,-0.04961222216539607
us-co-073,-2.5510080411984104
us-co-075,-2.8413605870313385
us-co-077,-2.1278265084079373
us-co-079,1.0419861963190113
us-co-081,2.735713525275041
us-co-083,1.72278246554054
us-co-085,-0.7430920045370493
us-co-087,-3.563095299600416
us-co-089,-3.3989129025321363
us-co-091,-3.5782294241508747
us-co-093,0.2771783087666235
us-co-095,-3.375571281981371
us-co-097,-1.5614731116382812
us-co-099,5.220306513409967
us-co-101,-6.55941327183926
us-co-103,-1.1611507678996325
us-co-105,-0.9119504935012235
us-co-107,-4.575016105353347
us-co-109,3.4645376004052544
us-co-111,-2.6318326424370984
us-co-113,-3.124392520803612
us-co-115,-4.206677056954633
us-co-117,-0.7102423574635974
us-co-119,-1.9180868448383737
us-co-121,-2.7559309011338518
us-co-123,-6.167016711646123
us-co-125,-3.295858910073024
us-ct-001,-1.7313569165645137
us-ct-003,2.4754165533783565
us-ct-005,5.63280064737936
us-ct-007,7.4377715395363975
us-ct-009,8.335730052885548
us-ct-011,14.53485478231315
us-ct-013,9.814944576253732
us-ct-015,15.545536056907327
us-de-001,-0.17499895191090964
us-de-003,0.22067887415171406
us-de-005,3.229847971444666
us-dc-001,
us-dc-001,
us-fl-001,-4.199924073594952
us-fl-003,5.226715007389582
us-fl-005,-2.438405159849344
us-fl-007,2.8259624677888895
us-fl-009,-4.785342491387079
us-fl-011,-2.6835535071224936
us-fl-013,1.6219068438634188
us-fl-015,0.9056128210632841
us-fl-017,0.706613952275148
us-fl-019,-0.7076687293456785
us-fl-021,-7.20984897459096
us-fl-023,1.7899984362251486
us-fl-027,1.3540215269041145
us-fl-029,4.472615975912153
us-fl-031,-6.9395247671486695
us-fl-033,-2.274704651711279
us-fl-035,-2.3867934634520527
us-fl-037,1.37841594602377
us-fl-039,7.229330189266636
us-fl-041,1.593375798718888
us-fl-043,1.8911857020323386
us-fl-045,0.3440646726939889
us-fl-047,11.095207372370918
us-fl-049,2.7012228003187144
us-fl-051,-3.1522363775127182
us-fl-053,1.176681047686079
us-fl-055,-0.3374718127995391
us-fl-057,-1.6108939683630474
us-fl-059,3.2169517872655096
us-fl-061,-4.901352087918598
us-fl-063,1.2151995308267605
us-fl-065,9.014121230952416
us-fl-067,3.2768962848297223
us-fl-069,-2.610342276951827
us-fl-071,-5.194782190607416
us-fl-073,-1.5185720624636745
us-fl-075,1.4594225189836108
us-fl-077,5.378126213592238
us-fl-079,7.640180694890092
us-fl-081,-6.131418831338897
us-fl-083,0.7679055234399157
us-fl-085,-1.0824915065664742
us-fl-086,-20.951818375421173
us-fl-087,-4.9678690149843945
us-fl-089,-5.179064751207729
us-fl-091,-1.2571798807783918
us-fl-093,0.20767201403387725
us-fl-095,-1.9353544929847477
us-fl-097,-0.8124377553091477
us-fl-099,1.7071507856036339
us-fl-101,-9.132922520229304
us-fl-103,-5.155388727327864
us-fl-105,-1.26561996210518
us-fl-107,8.116645637117525
us-fl-109,-6.149118513868146
us-fl-111,1.4067822653558326
us-fl-113,-1.6915423813555819
us-fl-115,-4.296240170525644
us-fl-117,-3.842358029058107
us-fl-119,-1.7426471631878049
us-fl-121,1.4518675826781124
us-fl-123,3.5536545126383157
us-fl-125,2.724352320769041
us-fl-127,-1.7406585769338179
us-fl-129,1.5821855777077176
us-fl-131,0.06776183964548599
us-fl-133,0.46967285135086634
us-ga-001,-2.147705802945954
us-ga-003,-0.9661807466385675
us-ga-005,-16.318407960199
us-ga-007,9.161324786324782
us-ga-009,-52.24000992802185
us-ga-011,-12.057347670250895
us-ga-013,-27.36407432897453
us-ga-015,-3.300429367335256
us-ga-017,-3.8361000753695085
us-ga-019,-2.0433970411736224
us-ga-021,-1.4957191520304836
us-ga-023,-4.293766777829056
us-ga-025,-11.64894461196635
us-ga-027,-3.10194810884874
us-ga-029,-30.606999275028013
us-ga-031,-5.841484265055641
us-ga-033,-3.9061406306159063
us-ga-035,-29.398780744166487
us-ga-037,9.49040845218445
us-ga-039,-34.871170837521824
us-ga-043,-3.523729498081285
us-ga-045,-3.5542790985584993
us-ga-047,-21.979295137720968
us-ga-049,-26.51892430278885
us-ga-051,-59.258796882523946
us-ga-053,4.8837955657778656
us-ga-055,-21.69171110033932
us-ga-057,-6.829809428878509
us-ga-059,-71.72491995731056
us-ga-061,7.3805613082910835
us-ga-063,8.61585479634227
us-ga-065,-29.653767820773936
us-ga-067,-2.9971533879146417
us-ga-069,-1.9804510278498055
us-ga-071,-4.698635765080528
us-ga-073,-8.937067419469724
us-ga-075,-4.429378806878804
us-ga-077,-5.195989127076672
us-ga-079,7.6334667149677955
us-ga-081,8.757291293751223
us-ga-083,-19.08042294136495
us-ga-085,-15.85210369740756
us-ga-087,7.44364182485281
us-ga-089,-5.614481219217729
us-ga-091,-3.801334533308798
us-ga-093,9.868990602518124
us-ga-095,1.3966189962196118
us-ga-097,42.98209151685199
us-ga-099,12.31266149870801
us-ga-101,-14.805414551607443
us-ga-103,-15.824138059531222
us-ga-105,-33.742331288343564
us-ga-107,-3.787789248311002
us-ga-109,-5.308015408195777
us-ga-111,-18.455807653234004
us-ga-113,-1.2299894561347502
us-ga-115,-30.322468793342583
us-ga-117,-12.971436384414748
us-ga-119,-17.031286756057394
us-ga-121,-7.05224897228009
us-ga-123,-17.97541689501292
us-ga-125,-11.151079136690644
us-ga-127,-37.21507165163588
us-ga-129,-19.87446595284561
us-ga-131,10.875543231195717
us-ga-133,-37.98011748757343
us-ga-135,-10.345461457289662
us-ga-137,-18.795788955242255
us-ga-139,-26.821229524429235
us-ga-141,-76.45251396648045
us-ga-143,-15.602711983798534
us-ga-145,-4.454641823765626
us-ga-147,-27.982603538598394
us-ga-149,-1.8026843118770008
us-ga-151,7.379399083619475
us-ga-153,-5.344601759668343
us-ga-155,-2.976214724657278
us-ga-157,-19.88230967267378
us-ga-159,-27.874276261373033
us-ga-161,-1.7298338314292838
us-ga-163,-56.04190585533869
us-ga-165,-3.60402903951611
us-ga-167,-31.66033640803039
us-ga-169,-3.2492860941800594
us-ga-171,-2.115752115752123
us-ga-173,-3.5208568053877287
us-ga-175,-3.9395356085398126
us-ga-177,4.4222566087255615
us-ga-179,-62.00210617605154
us-ga-181,-32.740126767430525
us-ga-183,-36.215691037162976
us-ga-185,-4.655417234205872
us-ga-187,-22.583501006036222
us-ga-189,-41.389728096676734
us-ga-191,-40.92834152126038
us-ga-193,5.95680314170589
us-ga-195,-23.312218703117182
us-ga-197,9.105454464478214
us-ga-199,-3.038164265650034
us-ga-201,11.329732608723386
us-ga-205,9.068240738433776
us-ga-207,-4.2666976137526795
us-ga-209,-3.5406986749268676
us-ga-211,-30.775725593667545
us-ga-213,-16.993096805265694
us-ga-215,-0.6486000825560667
us-ga-217,-4.4147651754312625
us-ga-219,-33.37138319519579
us-ga-221,-30.701228648486666
us-ga-223,-31.17275389120049
us-ga-225,2.4648709729879705
us-ga-227,-17.003846701809376
us-ga-229,-13.801121597592669
us-ga-231,-2.5354328450345687
us-ga-233,-22.51846640872318
us-ga-235,-5.500061231406295
us-ga-237,-31.02866779089376
us-ga-239,13.555559493292064
us-ga-241,-21.333833833833836
us-ga-243,11.076143984079916
us-ga-245,-6.087482391354326
us-ga-247,-1.4837501466643255
us-ga-249,9.076518841322745
us-ga-251,-4.802269917357227
us-ga-253,8.998862080865377
us-ga-255,-3.533262104065249
us-ga-257,-21.691288843606728
us-ga-259,12.452339806890494
us-ga-261,6.126909130914621
us-ga-263,3.779795421535226
us-ga-265,-61.09253065774804
us-ga-267,-3.9719120706524946
us-ga-269,9.130499437044593
us-ga-271,-0.9501339191309355
us-ga-273,7.296717281720411
us-ga-275,-4.080248910161233
us-ga-277,-7.561007674603082
us-ga-279,-3.5201185508833777
us-ga-281,-20.416913069189825
us-ga-283,-4.433388189368137
us-ga-285,-4.896438787785062
us-ga-287,-7.239677226734842
us-ga-289,-2.5209952257334245
us-ga-291,-18.32877393683163
us-ga-293,-2.5706895429931653
us-ga-295,-20.896643847052932
us-ga-297,-23.522040395105414
us-ga-299,-30.12967826657912
us-ga-301,-57.54070265638389
us-ga-303,-50.96324311547098
us-ga-305,-21.703639681167775
us-ga-307,9.41964943290618
us-ga-309,-3.119365945049879
us-ga-311,-17.440581916603225
us-ga-313,-29.750799138887075
us-ga-315,-4.1904360664822065
us-ga-317,-42.66607222469906
us-ga-319,-3.3835613864781733
us-ga-321,-2.2181902153695643
us-hi-001,8.65502024758352
us-hi-003,9.40370912095831
us-hi-007,11.66112029106138
us-hi-009,8.374670619286492
us-id-001,-9.405435734614015
us-id-003,-0.3038368216282894
us-id-005,-6.327075424930029
us-id-007,-6.236057606688594
us-id-009,-1.5102180144971444
us-id-011,-4.948524877092176
us-id-013,-13.897424276947628
us-id-015,0.9063661483357244
us-id-017,-2.983396152031237
us-id-019,-10.74765826022852
us-id-021,-4.113903203575953
us-id-023,-2.570141877889376
us-id-025,-2.1091630444295295
us-id-027,-4.7889740819436755
us-id-029,-4.981206154785312
us-id-031,-3.0342148799874735
us-id-033,-4.802847265629984
us-id-035,1.0188396212376105
us-id-037,3.980097563188223
us-id-039,-2.0116784501590046
us-id-041,-13.465860689104526
us-id-043,-5.049547095044183
us-id-045,0.2363488315476392
us-id-047,0.9479986095234816
us-id-049,-0.7841958814819971
us-id-051,-4.118735418584318
us-id-053,-1.5822215624081148
us-id-055,-4.015263518434264
us-id-057,-10.028621457999593
us-id-059,0.2305826660643051
us-id-061,-0.8952875648794878
us-id-063,-2.6806711377511006
us-id-065,-24.867340370271418
us-id-067,-0.0909365627690395
us-id-069,-2.87708685476461
us-id-071,-6.95682891441124
us-id-073,-0.4793088291218939
us-id-075,0.5875700452305344
us-id-077,-7.424063361359579
us-id-079,1.5328898408285774
us-id-081,-8.854907498863179
us-id-083,-1.732549903081937
us-id-085,-2.0452814076783565
us-id-087,-0.4798552417599966
us-il-001,-4.217797556245218
us-il-003,-0.023450862460427935
us-il-005,-25.269905055850028
us-il-007,-46.570737703884234
us-il-009,-6.067630066270569
us-il-011,-43.96347471865988
us-il-013,-1.2225007107562247
us-il-015,13.602013082157994
us-il-017,-9.260462173199368
us-il-019,-19.347161382654786
us-il-021,-12.342166094242412
us-il-023,-29.086781029263374
us-il-025,-20.92913385826771
us-il-027,-28.744474424479016
us-il-029,-40.52508804830078
us-il-031,0.5429287290995566
us-il-033,-28.082034830430803
us-il-035,-24.447637865996054
us-il-037,-37.931492903114346
us-il-039,-10.702821820124742
us-il-041,-30.24850042844901
us-il-043,-13.12338334354749
us-il-045,-28.29925060332783
us-il-047,-17.000298775022404
us-il-049,-22.56800499744449
us-il-051,-23.088158581116325
us-il-053,-29.956222639149466
us-il-055,5.974125821800957
us-il-057,15.916257307390126
us-il-059,-28.260066494274106
us-il-061,-2.4052721916126396
us-il-063,-42.080597224739016
us-il-065,-23.04368698991839
us-il-067,-5.771069399538797
us-il-069,-23.04469273743017
us-il-071,13.284205644600815
us-il-073,9.715438066174709
us-il-075,-25.324591701837452
us-il-077,-8.873016533142476
us-il-079,-22.605140186915882
us-il-081,1.7482862524187404
us-il-083,-2.6566443528515893
us-il-085,5.69559715478391
us-il-087,-23.649203481688286
us-il-089,-9.735079302041626
us-il-091,-1.1182079424728486
us-il-093,-8.298898946218964
us-il-095,5.862567989273382
us-il-097,-14.494739160174847
us-il-099,-46.30111582998374
us-il-101,-25.812274368231048
us-il-103,-44.338228960893936
us-il-105,-33.07183191077615
us-il-107,-13.134855240539967
us-il-109,-10.433291732908001
us-il-111,-9.913731365618773
us-il-113,-14.861400317938466
us-il-115,-10.435318519793114
us-il-117,-1.9706435420841162
us-il-119,-7.952551790708739
us-il-121,-30.543516457772046
us-il-123,-11.885263012049519
us-il-125,-10.353418497120792
us-il-127,-27.48765524465061
us-il-129,-13.897042291120144
us-il-131,10.741878146394047
us-il-133,-1.4682204784312924
us-il-135,-4.475447208580718
us-il-137,-14.819444109724655
us-il-139,-29.09438166480981
us-il-141,-40.551953099559036
us-il-143,-7.322741901469393
us-il-145,-1.501072379758539
us-il-147,-14.786245596730174
us-il-149,-1.3893956882749414
us-il-151,-21.66199813258637
us-il-153,3.9068013090074682
us-il-155,-43.20154291224687
us-il-157,4.658706643087573
us-il-159,-25.312337324310253
us-il-161,4.16708517476278
us-il-163,-0.5386815664142286
us-il-165,-27.301475755446237
us-il-167,-15.089480490643881
us-il-169,-8.180845168140994
us-il-171,-5.269336733339925
us-il-173,-25.258855585831064
us-il-175,-19.17892443165874
us-il-177,6.333437161170114
us-il-179,-5.437062581420671
us-il-181,-2.8729052926050436
us-il-183,-37.562970232253846
us-il-185,-25.933382137628115
us-il-187,9.399056021537005
us-il-189,-24.989901709977115
us-il-191,-15.663963200581044
us-il-193,-23.108384458077712
us-il-195,7.895554247649461
us-il-197,0.006536219351033212
us-il-199,-1.2032791770949958
us-il-201,-32.25811296763879
us-il-203,-9.910276456813715
us-in-001,-3.203633916745985
us-in-003,-7.861233412836077
us-in-005,-5.177140411535941
us-in-007,-0.6804184450941775
us-in-009,2.7535957184394833
us-in-011,-7.134022645836902
us-in-013,7.040788851203317
us-in-015,1.4313864935424303
us-in-017,1.4102289773935683
us-in-019,7.491858705540788
us-in-021,3.811548597283698
us-in-023,1.8624879089668256
us-in-025,12.708833100129302
us-in-027,-1.1809079328586436
us-in-029,-0.6447403085184433
us-in-031,-4.919982062496109
us-in-033,-2.2277767489220612
us-in-035,-1.937692278697678
us-in-037,-1.0129969612024614
us-in-039,-2.738405078087125
us-in-041,2.9676864174841167
us-in-043,5.019009379655093
us-in-045,4.290161758127587
us-in-047,0.5061284393301557
us-in-049,2.5582045099756257
us-in-051,1.4918213008501824
us-in-053,-1.3607665972738325
us-in-055,3.93097987922999
us-in-057,-10.727403480417664
us-in-059,-4.430261119240786
us-in-061,11.0308506782822
us-in-063,-4.66201663415291
us-in-065,2.262223102499117
us-in-067,3.184261907658692
us-in-069,-3.3065574040604506
us-in-071,10.997040338649434
us-in-073,3.022790446015622
us-in-075,0.8327113196561764
us-in-077,1.267965535525295
us-in-079,2.0763504232754415
us-in-081,4.602073816434871
us-in-083,2.741369896165835
us-in-085,-2.431606704764666
us-in-087,-1.0509989489533744
us-in-089,37.58604408439154
us-in-091,20.334088467555755
us-in-093,9.24227953554949
us-in-095,-1.1365902958583751
us-in-097,-2.805831157885952
us-in-099,0.30807410912160327
us-in-101,4.3680984751529035
us-in-103,1.1752980423400783
us-in-105,1.949358402349466
us-in-107,3.7241490888630713
us-in-109,4.87194397683075
us-in-111,4.249971353401893
us-in-113,-2.1353122664345747
us-in-115,1.6496541894024497
us-in-117,12.692439198786854
us-in-119,4.275287438442166
us-in-121,3.055742522388083
us-in-123,1.4306406124221405
us-in-125,6.00152996814497
us-in-127,50.3070345899728
us-in-129,-0.24567972287306006
us-in-131,-0.7450453947849822
us-in-133,-0.17508542867545884
us-in-135,-0.6925447723121092
us-in-137,-1.6418349872016957
us-in-139,-2.8646424114760483
us-in-141,0.23333403387939544
us-in-143,12.52017346732388
us-in-145,-5.648467083072561
us-in-147,0.3501992855876934
us-in-149,4.1041828354318906
us-in-151,-4.3830562448820665
us-in-153,12.714588051408715
us-in-155,2.8534590578386254
us-in-157,-3.0315023764719173
us-in-159,0.059012390504498136
us-in-161,-1.2469292691674738
us-in-163,-3.151452278109401
us-in-165,8.137535568516284
us-in-167,2.112990426898864
us-in-169,-1.0267469777295868
us-in-171,3.90405719727126
us-in-173,-1.977374073086069
us-in-175,13.53022218100005
us-in-177,-1.7979074406384132
us-in-179,-1.8960940462646958
us-in-181,-0.12714171203882518
us-in-183,-4.760181580470013
us-ia-001,-2.0298023938800647
us-ia-003,-1.7100033289615624
us-ia-005,1.3108227460128186
us-ia-007,13.225243943394528
us-ia-009,4.914684697591232
us-ia-011,-0.6190145265409397
us-ia-013,-4.79975859514819
us-ia-015,0.8602358239513497
us-ia-017,-4.7734908479937115
us-ia-019,-1.5593908329410766
us-ia-021,3.6869843802461832
us-ia-023,0.9079501548496238
us-ia-025,3.232295412921604
us-ia-027,3.9307079627663444
us-ia-029,-0.9060937979848194
us-ia-031,8.26443354367939
us-ia-033,0.6268631095531163
us-ia-035,5.418561628289186
us-ia-037,
us-ia-039,11.100052053753096
us-ia-041,
us-ia-043,-0.26848425137731
us-ia-045,5.135025153661693
us-ia-047,
us-ia-049,-7.728125425014243
us-ia-051,20.461273037748235
us-ia-053,10.907624469052458
us-ia-055,-2.7370770533729605
us-ia-057,7.907229128330812
us-ia-059,
us-ia-061,-5.613356138691344
us-ia-063,4.292397885917776
us-ia-065,
us-ia-067,1.4062702911154412
us-ia-069,1.8759537855593367
us-ia-071,-1.2264641037744384
us-ia-073,2.9772713002435447
us-ia-075,-3.579626534980662
us-ia-077,-1.3988457628132278
us-ia-079,0.03578262236386687
us-ia-081,3.252968774146714
us-ia-083,0.778644296160913
us-ia-085,
us-ia-087,10.284152320401175
us-ia-089,
us-ia-091,
us-ia-093,
us-ia-095,
us-ia-097,
us-ia-099,
us-ia-101,
us-ia-103,
us-ia-105,-1.5910247942304778
us-ia-107,
us-ia-109,
us-ia-111,10.753218055345926
us-ia-113,-5.564291041975111
us-ia-115,9.29219316862917
us-ia-117,8.905039270465442
us-ia-119,2.6429093612080345
us-ia-121,-2.866459455165904
us-ia-123,8.492128935032516
us-ia-125,4.411515117434983
us-ia-127,-1.8806499044483171
us-ia-129,0.8454515660469841
us-ia-131,-1.9155183639877116
us-ia-133,5.290508485531986
us-ia-135,19.67408482668352
us-ia-137,-1.5188178602970392
us-ia-139,4.572219055343268
us-ia-141,5.307507354011198
us-ia-143,5.719286928688561
us-ia-145,-1.7204494133650328
us-ia-147,5.112216053761509
us-ia-149,4.027773859025208
us-ia-151,2.4770802750036847
us-ia-153,-4.5247656497712345
us-ia-155,
us-ia-157,-0.8193928152383623
us-ia-159,1.2471434953308047
us-ia-161,4.65990892383229
us-ia-163,0.7286704651949472
us-ia-165,
us-ia-167,
us-ia-169,
us-ia-171,-0.2509561412227024
us-ia-173,1.1448439958056333
us-ia-175,-0.5261773148585225
us-ia-177,
us-ia-179,
us-ia-181,-1.6965647505510106
us-ia-183,
us-ia-185,
us-ia-187,
us-ia-189,1.49837477377317
us-ia-191,-3.291802453225406
us-ia-193,2.4995028388177243
us-ia-195,-0.6815583105997169
us-ia-197,2.0620428133810154
us-ks-001,
us-ks-003,
us-ks-005,
us-ks-007,
us-ks-009,
us-ks-011,
us-ks-013,
us-ks-015,
us-ks-017,
us-ks-019,
us-ks-021,
us-ks-023,
us-ks-025,
us-ks-027,
us-ks-029,
us-ks-031,
us-ks-033,
us-ks-035,
us-ks-037,
us-ks-039,
us-ks-041,
us-ks-043,
us-ks-045,
us-ks-047,
us-ks-049,
us-ks-051,
us-ks-053,
us-ks-055,
us-ks-057,
us-ks-059,
us-ks-061,
us-ks-063,
us-ks-065,
us-ks-067,
us-ks-069,
us-ks-071,
us-ks-073,
us-ks-075,
us-ks-077,
us-ks-079,
us-ks-081,
us-ks-083,
us-ks-085,
us-ks-087,
us-ks-089,
us-ks-091,
us-ks-093,
us-ks-095,
us-ks-097,
us-ks-099,
us-ks-101,
us-ks-103,
us-ks-105,
us-ks-107,
us-ks-109,
us-ks-111,
us-ks-113,
us-ks-115,
us-ks-117,
us-ks-119,
us-ks-121,
us-ks-123,
us-ks-125,
us-ks-127,
us-ks-129,
us-ks-131,
us-ks-133,
us-ks-135,
us-ks-137,
us-ks-139,
us-ks-141,
us-ks-143,
us-ks-145,
us-ks-147,
us-ks-149,
us-ks-151,
us-ks-153,
us-ks-155,
us-ks-157,
us-ks-159,
us-ks-161,
us-ks-163,
us-ks-165,
us-ks-167,
us-ks-169,
us-ks-171,
us-ks-173,
us-ks-175,
us-ks-177,
us-ks-179,
us-ks-181,
us-ks-183,
us-ks-185,
us-ks-187,
us-ks-189,
us-ks-191,
us-ks-193,
us-ks-195,
us-ks-197,
us-ks-199,
us-ks-201,
us-ks-203,
us-ks-205,
us-ks-207,
us-ks-209,
us-ky-001,-1.818870024159458
us-ky-003,-3.2958799885738133
us-ky-005,-2.488523560546785
us-ky-007,1.8865012926217894
us-ky-009,-27.0716140199048
us-ky-011,-1.6548969890667675
us-ky-013,-20.107017904918713
us-ky-015,-8.378707074502767
us-ky-017,-5.9629491823609655
us-ky-019,-3.0877898519255376
us-ky-021,-37.895875173798856
us-ky-023,-0.44845583982778825
us-ky-025,-30.446148483792257
us-ky-027,-26.099840437656717
us-ky-029,-27.333721478277752
us-ky-031,-20.588235294117652
us-ky-033,0.3704715031377148
us-ky-035,-3.9455430850741213
us-ky-037,-9.078565889692003
us-ky-039,2.0170786573618593
us-ky-041,0.603314504299679
us-ky-043,-26.182136602451845
us-ky-045,-2.593405823818362
us-ky-047,0.3903923445002788
us-ky-049,-4.759993585975819
us-ky-051,-13.388503029407417
us-ky-053,-4.546869559046652
us-ky-055,0.19181268914713057
us-ky-057,-6.851540404687507
us-ky-059,-36.89392450935447
us-ky-061,-21.147978642257815
us-ky-063,-29.947460595446586
us-ky-065,-3.0250747550972568
us-ky-067,-9.139420796680609
us-ky-069,-0.6052555545472682
us-ky-071,-27.49093107617896
us-ky-073,-5.2119014700301225
us-ky-075,2.055117553771324
us-ky-077,-0.6138853795221832
us-ky-079,-22.55017709563164
us-ky-081,-3.621268405028333
us-ky-083,0.8430097060766695
us-ky-085,-22.286308623298034
us-ky-087,-18.01987624226514
us-ky-089,2.978928749969001
us-ky-091,-35.08731082654249
us-ky-093,-37.50347576235055
us-ky-095,-15.134331133215584
us-ky-097,-1.2967695865839346
us-ky-099,-26.762114537444937
us-ky-101,-2.1172187795783337
us-ky-103,-2.3839445857241626
us-ky-105,2.8405496184819246
us-ky-107,1.5011070864345721
us-ky-109,-11.125249954553718
us-ky-111,2.9680150544510786
us-ky-113,-12.79351943164948
us-ky-115,-15.973673213539485
us-ky-117,-8.883355449257547
us-ky-119,-24.39701544334548
us-ky-121,-17.70729270729271
us-ky-123,-24.626982880477467
us-ky-125,-17.078081584987714
us-ky-127,-20.291294273419403
us-ky-129,-19.34758155230596
us-ky-131,-10.618878005342836
us-ky-133,-20.155463104882855
us-ky-135,-0.07685374799807354
us-ky-137,-23.250705993096954
us-ky-139,2.1178884060927494
us-ky-141,0.4254052606187608
us-ky-143,-0.7466783943193445
us-ky-145,-1.657436828035419
us-ky-147,-13.227146814404433
us-ky-149,1.9161586351004956
us-ky-151,-5.1851775698408815
us-ky-153,-25.25410476935106
us-ky-155,3.0503536318099322
us-ky-157,2.0260404772870833
us-ky-159,-11.38375917025044
us-ky-161,-4.576631875731674
us-ky-163,-29.196304472242662
us-ky-165,0.5160950658220531
us-ky-167,-26.877657061880022
us-ky-169,-4.972782992584968
us-ky-171,-7.877277863081966
us-ky-173,-2.8824388264926393
us-ky-175,-24.020942408376968
us-ky-177,7.922552149221529
us-ky-179,-35.43409287568503
us-ky-181,-3.5935226543338805
us-ky-183,0.7109001586482089
us-ky-185,-9.34073368465832
us-ky-187,-0.5182872916303038
us-ky-189,-16.20238772029562
us-ky-191,-1.2815699624416421
us-ky-193,-22.833900870223232
us-ky-195,-19.939185080072974
us-ky-197,-1.2297986051292398
us-ky-199,-18.326735851075217
us-ky-201,1.423424416594421
us-ky-203,-16.170975937826938
us-ky-205,-41.52350813743219
us-ky-207,-1.7841323878054927
us-ky-209,-6.352154369943486
us-ky-211,-5.98586154515962
us-ky-213,-2.797493699139908
us-ky-215,-6.759697341011838
us-ky-217,-2.530020559301238
us-ky-219,1.4492204012159338
us-ky-221,-0.4785050611594843
us-ky-223,2.4322509972926176
us-ky-225,6.998523193859018
us-ky-227,-40.82428695257357
us-ky-229,-27.582349692776553
us-ky-231,-20.282782782782782
us-ky-233,1.8265181732427527
us-ky-235,-17.87425584434442
us-ky-237,-0.4781783681214513
us-ky-239,-7.215114934755595
us-la-001,-12.3945657362456
us-la-003,-1.5634021810305487
us-la-005,-1.3378078800845405
us-la-007,9.872221953875027
us-la-009,-32.68419148679609
us-la-011,-1.849447142709415
us-la-013,-10.384397808002388
us-la-015,-8.75769194348729
us-la-017,-11.729104453020906
us-la-019,-12.39955071212977
us-la-021,-18.54219948849105
us-la-023,-6.4955808687844785
us-la-025,-28.35667215815486
us-la-027,-11.556562710666018
us-la-029,-38.26645626690712
us-la-031,-7.209367792160237
us-la-033,-9.923178287339873
us-la-035,-63.96733582851311
us-la-037,-29.355618149802577
us-la-039,-7.895995430125701
us-la-041,-28.901986465837147
us-la-043,-16.01859199637229
us-la-045,-10.80832168834387
us-la-047,21.03967027892898
us-la-049,-30.7475884244373
us-la-051,7.737023729722992
us-la-053,-11.063470743585302
us-la-055,-16.188575243713476
us-la-057,-2.4123197753018077
us-la-059,-11.158471609072917
us-la-061,-42.358990840430664
us-la-063,-3.6342982025484583
us-la-065,-59.27726120033812
us-la-067,-45.14006074924063
us-la-069,-8.399881554636213
us-la-071,5.922550688566086
us-la-073,-38.64181013570137
us-la-075,-4.699212000860542
us-la-077,-11.522841477243539
us-la-079,-35.23327000211104
us-la-081,-10.999507384905238
us-la-083,-34.48994477440866
us-la-085,-4.498028121273279
us-la-087,-1.4734611552127852
us-la-089,34.03852869304774
us-la-091,-17.167232701976808
us-la-093,45.146876292925114
us-la-095,19.312441491226444
us-la-097,-28.306256257960428
us-la-099,-17.77201463227449
us-la-101,-6.757435876478302
us-la-103,-4.067040149704216
us-la-105,-15.172754031044356
us-la-107,-53.610675039246466
us-la-109,-2.7316517824897413
us-la-111,-2.322211460420154
us-la-113,-12.070446669568113
us-la-115,-2.4641195761183954
us-la-117,-32.59609190465965
us-la-119,-14.822383390225536
us-la-121,13.87215333911595
us-la-123,-16.57911325908804
us-la-125,-41.541645111226075
us-la-127,-27.683615819209038
us-me-001,0.08697882509638433
us-me-003,-0.8776310975240342
us-me-005,-2.9765924326340008
us-me-007,-3.5457538724182114
us-me-009,-4.701147929440519
us-me-011,-0.6081601471330522
us-me-013,2.7532975359076284
us-me-015,-0.7508705032317986
us-me-017,2.00345990522639
us-me-019,-2.2703619356148397
us-me-021,-0.9846026628827609
us-me-023,-3.598531878800204
us-me-025,-0.9285826040087763
us-me-027,-3.0242498612882693
us-me-029,-0.9858371981373959
us-me-031,0.0460439826521053
us-md-001,6.4063073286459655
us-md-003,-2.698464753207075
us-md-005,0.6081487579800815
us-md-009,3.8154151737002984
us-md-011,-4.110559125461322
us-md-013,-4.938801078547561
us-md-015,-2.783567838532075
us-md-017,3.2763240881519886
us-md-019,-5.970529854008621
us-md-021,-3.1062664827421536
us-md-023,1.6582869244049725
us-md-025,-3.3688004731413868
us-md-027,-4.7397046264113785
us-md-029,-7.605625032663404
us-md-031,-4.314573016056683
us-md-033,-0.11125828274238525
us-md-035,-5.97018311825871
us-md-037,7.242418286683872
us-md-039,-7.589794609170286
us-md-041,-8.469014732341474
us-md-043,6.226013206805647
us-md-045,-6.093881049369109
us-md-047,-4.674360119477283
us-md-510,
us-ma-001,5.5178427856075185
us-ma-003,25.984908106106197
us-ma-005,12.092852589766656
us-ma-007,2.524331230908161
us-ma-009,29.246418146668933
us-ma-011,27.147235246352512
us-ma-013,38.73875648025522
us-ma-015,26.266936689329285
us-ma-017,19.2915357647376
us-ma-019,4.698110522145019
us-ma-021,7.48087813931706
us-ma-023,10.896496809972717
us-ma-025,12.053831211297519
us-ma-027,34.52800097905664
us-mi-001,7.0597165964803255
us-mi-003,5.086262160573607
us-mi-005,-6.045813032850522
us-mi-007,8.364661870054913
us-mi-009,0.8758438849286954
us-mi-011,14.033955716465218
us-mi-013,5.92669913208379
us-mi-015,-4.886840583819585
us-mi-017,13.740559042038864
us-mi-019,0.8777010152768883
us-mi-021,-7.830236779542488
us-mi-023,-0.9395139631567351
us-mi-025,-2.7205383982976783
us-mi-027,-5.807656291745634
us-mi-029,-0.011721694065125465
us-mi-031,4.391497114868692
us-mi-033,4.510552433426351
us-mi-035,-0.3302992729709908
us-mi-037,-3.349928089815246
us-mi-039,5.604660446771814
us-mi-041,6.642344961029889
us-mi-043,6.1391769974944115
us-mi-045,-0.8667154535279442
us-mi-047,-1.4477968572527922
us-mi-049,9.793349234843346
us-mi-051,-0.18897567375470992
us-mi-053,6.763561519792538
us-mi-055,-1.9092749863926728
us-mi-057,-1.9809403164918415
us-mi-059,3.7665229758837238
us-mi-061,1.3594751871767508
us-mi-063,-4.993259463669575
us-mi-065,-5.022000317636543
us-mi-067,-5.02325674277021
us-mi-069,12.841671787619635
us-mi-071,7.783562753177153
us-mi-073,-3.2917237613958372
us-mi-075,1.2460672327305855
us-mi-077,-9.020185822783262
us-mi-079,6.640879196382265
us-mi-081,-9.629928886771467
us-mi-083,0.45703704358953656
us-mi-085,0.14118346833480455
us-mi-087,-1.2633183468953924
us-mi-089,-2.2230088007479996
us-mi-091,0.16345540827891192
us-mi-093,-4.377282573449004
us-mi-095,5.963603831407771
us-mi-097,4.878351064184616
us-mi-099,5.7155143909374315
us-mi-101,3.602222495959817
us-mi-103,1.4190683422433126
us-mi-105,-3.694310829395786
us-mi-107,-1.087317628656137
us-mi-109,6.148083105813185
us-mi-111,-8.60401357802737
us-mi-113,0.7302071793318654
us-mi-115,2.241780894610357
us-mi-117,-0.10341987782489515
us-mi-119,9.377248681408357
us-mi-121,-4.801142173423756
us-mi-123,-2.563266945069065
us-mi-125,-2.466723089406675
us-mi-127,-6.355677566454676
us-mi-129,1.3723955390168574
us-mi-131,7.377950889414253
us-mi-133,0.4325467894136015
us-mi-135,7.887998582731825
us-mi-137,3.1113163134664723
us-mi-139,-8.903781255830234
us-mi-141,7.089579108019128
us-mi-143,0.7446287146978037
us-mi-145,2.493385276180521
us-mi-147,3.151381160069544
us-mi-149,-4.737908922877077
us-mi-151,-1.4726305758654634
us-mi-153,8.265094336375878
us-mi-155,-0.7333906268060186
us-mi-157,3.582018331932879
us-mi-159,-6.052523080724392
us-mi-161,-1.6289076093047805
us-mi-163,2.4616062255967517
us-mi-165,0.6450096380424819
us-mn-001,5.966036820979026
us-mn-003,-7.380650708196224
us-mn-005,15.13015022762046
us-mn-007,3.7432449836977524
us-mn-009,-2.268952517399725
us-mn-011,14.86901446996905
us-mn-013,2.2723124594565935
us-mn-015,2.885073494946244
us-mn-017,1.935167050149389
us-mn-019,-14.60529441202808
us-mn-021,2.5808704695874596
us-mn-023,19.362818726323255
us-mn-025,6.107990179523782
us-mn-027,10.592163239427222
us-mn-029,13.718071377241436
us-mn-031,-0.5676085606248549
us-mn-033,8.78716836755996
us-mn-035,3.26622676132583
us-mn-037,-1.814165904702425
us-mn-039,5.428683533121415
us-mn-041,11.210191139384463
us-mn-043,2.3189826790713908
us-mn-045,8.345452608158844
us-mn-047,7.834823137623931
us-mn-049,2.673217037723552
us-mn-051,19.050216961926843
us-mn-053,-10.176824526747746
us-mn-055,5.710953088745718
us-mn-057,5.043176804601391
us-mn-059,6.167666054863763
us-mn-061,5.234442027209213
us-mn-063,6.00480385113904
us-mn-065,7.3890327133484535
us-mn-067,10.080574434072414
us-mn-069,22.96083049348652
us-mn-071,8.04022108490559
us-mn-073,20.7416581393712
us-mn-075,2.5879715427471526
us-mn-077,19.603583912873507
us-mn-079,6.059927514554131
us-mn-081,17.1960780287291
us-mn-083,11.062177474986717
us-mn-085,7.571009806635121
us-mn-087,14.74593740834767
us-mn-089,25.12484301129325
us-mn-091,2.1225958139516
us-mn-093,10.811480279042806
us-mn-095,8.21634576942083
us-mn-097,10.498888278374451
us-mn-099,6.935059127280624
us-mn-101,11.207103337724133
us-mn-103,3.917488658689922
us-mn-105,7.028396776021751
us-mn-107,22.401918461938138
us-mn-109,-2.04641059868943
us-mn-111,13.67190210625301
us-mn-113,18.44337737397501
us-mn-115,7.69465675134059
us-mn-117,8.075999731030114
us-mn-119,18.801011385602767
us-mn-121,16.05116860426321
us-mn-123,-4.083929536463021
us-mn-125,22.932436197054525
us-mn-127,18.163606189123787
us-mn-129,17.61215934696594
us-mn-131,1.8836857541623897
us-mn-133,3.679396543495772
us-mn-135,17.82839533256828
us-mn-137,1.287594641487666
us-mn-139,-0.851217064708365
us-mn-141,-5.5819896629569765
us-mn-143,9.5281843751999
us-mn-145,-1.3413374046144733
us-mn-147,6.054282961825786
us-mn-149,12.281055231484356
us-mn-151,19.670797194353057
us-mn-153,17.0278932394756
us-mn-155,22.35171450941441
us-mn-157,6.297857551023888
us-mn-159,6.4972312569563595
us-mn-161,9.032535447913226
us-mn-163,-4.3097820552470525
us-mn-165,4.358849922947905
us-mn-167,22.183829199292624
us-mn-169,3.7245119475645683
us-mn-171,-7.845981565471172
us-mn-173,19.111226026606833
us-ms-001,
us-ms-003,
us-ms-005,
us-ms-007,
us-ms-009,
us-ms-011,
us-ms-013,
us-ms-015,
us-ms-017,
us-ms-019,
us-ms-021,
us-ms-023,
us-ms-025,
us-ms-027,
us-ms-029,
us-ms-031,
us-ms-033,
us-ms-035,
us-ms-037,
us-ms-039,
us-ms-041,
us-ms-043,
us-ms-045,
us-ms-047,
us-ms-049,
us-ms-051,
us-ms-053,
us-ms-055,
us-ms-057,
us-ms-059,
us-ms-061,
us-ms-063,
us-ms-065,
us-ms-067,
us-ms-069,
us-ms-071,
us-ms-073,
us-ms-075,
us-ms-077,
us-ms-079,
us-ms-081,
us-ms-083,
us-ms-085,
us-ms-087,
us-ms-089,
us-ms-091,
us-ms-093,
us-ms-095,
us-ms-097,
us-ms-099,
us-ms-101,
us-ms-103,
us-ms-105,
us-ms-107,
us-ms-109,
us-ms-111,
us-ms-113,
us-ms-115,
us-ms-117,
us-ms-119,
us-ms-121,
us-ms-123,
us-ms-125,
us-ms-127,
us-ms-129,
us-ms-131,
us-ms-133,
us-ms-135,
us-ms-137,
us-ms-139,
us-ms-141,
us-ms-143,
us-ms-145,
us-ms-147,
us-ms-149,
us-ms-151,
us-ms-153,
us-ms-155,
us-ms-157,
us-ms-159,
us-ms-161,
us-ms-163,
us-mo-001,-6.658599999072301
us-mo-003,-1.7909092494859058
us-mo-005,-1.3994164625052208
us-mo-007,-0.5568777764707544
us-mo-009,2.711140211865859
us-mo-011,-0.4146598865173212
us-mo-013,1.1092443824764264
us-mo-015,3.733535315248304
us-mo-017,3.133734590343773
us-mo-019,-6.498862435366931
us-mo-021,-4.474823677988882
us-mo-023,-0.3161089133308148
us-mo-025,0.33444743344639427
us-mo-027,-3.7168084640960886
us-mo-029,-0.8379887523672913
us-mo-031,-1.4685723852371213
us-mo-033,-1.485211040493828
us-mo-035,1.9565933271165625
us-mo-037,-4.698207286958911
us-mo-039,-0.5441853678454178
us-mo-041,0.15401130261452067
us-mo-043,4.008590893695807
us-mo-045,1.2124624351571578
us-mo-047,-4.812520867835279
us-mo-049,-0.1777811715698463
us-mo-051,-5.748881279771679
us-mo-053,-2.5114865088356364
us-mo-055,1.4971266155351715
us-mo-057,0.33520031546121487
us-mo-059,-0.4329718083142864
us-mo-061,0.5227592010920712
us-mo-063,0.6371414071200232
us-mo-065,-1.7648135670224163
us-mo-067,-0.01005832573962584
us-mo-069,2.5259370567960016
us-mo-071,0.4732099551588931
us-mo-073,-2.45185858877911
us-mo-075,-0.9285548008299727
us-mo-077,1.8140307521815169
us-mo-079,0.14771426945763277
us-mo-081,-0.4617686076798799
us-mo-083,0.4088162749865121
us-mo-085,0.5370365713507463
us-mo-087,-1.1971220646297298
us-mo-089,0.5011255751936505
us-mo-091,-1.0452590013882435
us-mo-093,4.086423753260238
us-mo-095,-0.3680822469011358
us-mo-097,1.7361230494196689
us-mo-099,2.8548550296147113
us-mo-101,-2.7052615652799927
us-mo-103,-4.469408574807632
us-mo-105,-1.2343030650781683
us-mo-107,8.820003800020082
us-mo-109,7.535992898635602
us-mo-111,-0.7724132419169472
us-mo-113,3.6998350833987392
us-mo-115,-1.5342025907177037
us-mo-117,-3.571640465422876
us-mo-119,2.145537958852084
us-mo-121,0.12785931109492443
us-mo-123,6.5565966501440425
us-mo-125,0.8119688809096304
us-mo-127,-1.6586115674373403
us-mo-129,-0.8459804324787323
us-mo-131,-0.7226255389909841
us-mo-133,2.0292289211668035
us-mo-135,0.9106574092163311
us-mo-137,1.857513075380124
us-mo-139,-0.41543820459364333
us-mo-141,1.2976216355442216
us-mo-143,2.459526551869684
us-mo-145,3.102316326402399
us-mo-147,-5.535404531076127
us-mo-149,1.1463130266994637
us-mo-151,-2.296471655357968
us-mo-153,0.6712402917553706
us-mo-155,1.8452021254906414
us-mo-157,-0.5951860245535401
us-mo-159,-0.31814121231321657
us-mo-161,-4.091136883837942
us-mo-163,3.1109518627586374
us-mo-165,-7.865674242940668
us-mo-167,1.4989177696111189
us-mo-169,-0.8757904273604344
us-mo-171,-1.4889561940230278
us-mo-173,1.8524358840729338
us-mo-175,2.1941937025563463
us-mo-177,10.220361484052054
us-mo-179,1.8533602615458444
us-mo-181,1.6787379651271195
us-mo-183,-2.37552117351596
us-mo-185,1.0223635135875986
us-mo-186,2.5379915316860235
us-mo-187,2.5729567072047765
us-mo-189,-4.797624722920935
us-mo-195,10.111397371498787
us-mo-197,-1.8564137882319698
us-mo-199,-1.515398203720253
us-mo-201,1.7266775712107996
us-mo-203,0.2398158500279579
us-mo-205,0.4384002138537624
us-mo-207,1.5389771615789138
us-mo-209,3.4241766067928725
us-mo-211,-1.4864831651955734
us-mo-213,1.5654239825707794
us-mo-215,-0.678563819875011
us-mo-217,-1.0289993931516306
us-mo-219,-0.15756031439011497
us-mo-221,6.230502775324642
us-mo-223,4.652094838260579
us-mo-225,0.12702505558088717
us-mo-227,1.4449046485570438
us-mo-229,-0.5858539314748334
us-mo-510,
us-mt-001,0.8356030654349977
us-mt-003,1.3282756148380315
us-mt-005,2.5222002926920952
us-mt-007,0.3493799016662025
us-mt-009,0.9640478310209644
us-mt-011,-0.09249883159370142
us-mt-013,1.6475575686539456
us-mt-015,1.5201067103165267
us-mt-017,4.095495423330386
us-mt-019,3.041228357684056
us-mt-021,4.399884629137496
us-mt-023,4.401899150186867
us-mt-025,4.428773901269256
us-mt-027,2.540516069327181
us-mt-029,0.0778189373500604
us-mt-031,-3.2313625215075414
us-mt-033,0.5304085422469851
us-mt-035,1.173946276684651
us-mt-037,-0.22145346856409232
us-mt-039,1.912040576995444
us-mt-041,2.3426510287390734
us-mt-043,-0.9798448769521628
us-mt-045,0.9893360778967519
us-mt-047,2.3961877830870226
us-mt-049,-3.6808987339512877
us-mt-051,-0.2712111829659358
us-mt-053,2.754156755399906
us-mt-055,2.3386623512883897
us-mt-057,1.6643932962927988
us-mt-059,-0.03171536897949023
us-mt-061,3.42698069490599
us-mt-063,-1.8934290347320026
us-mt-065,3.4831142927448044
us-mt-067,0.8228320983925674
us-mt-069,2.8998209046221857
us-mt-071,2.671639893290334
us-mt-073,2.4826086555914895
us-mt-075,2.6475011366418277
us-mt-077,4.021375022345797
us-mt-079,6.125233257308738
us-mt-081,0.3950048136099116
us-mt-083,2.472768780655099
us-mt-085,4.284560261841818
us-mt-087,2.698370480612633
us-mt-089,4.0026465018933255
us-mt-091,0.24974864853050116
us-mt-093,2.007361983304473
us-mt-095,3.030993309077934
us-mt-097,1.5758064519704407
us-mt-099,2.0896252807078852
us-mt-101,0.8112544195018501
us-mt-103,2.514102095669013
us-mt-105,1.1306433508411984
us-mt-107,2.3615155850769454
us-mt-109,10.02669952762374
us-mt-111,-1.047855184280122
us-ne-001,-31.273588396359063
us-ne-003,-16.732703444071927
us-ne-005,-10.622710622710619
us-ne-007,-11.194029850746269
us-ne-009,-12.933753943217663
us-ne-011,-20.8605851979346
us-ne-013,-26.54346060113729
us-ne-015,-14.965397923875434
us-ne-017,-13.274890419536634
us-ne-019,-31.04737564484831
us-ne-021,-11.379127974848268
us-ne-023,-7.594532229985173
us-ne-025,-10.346078862939322
us-ne-027,-20.090497737556557
us-ne-029,-13.171759747102207
us-ne-031,-15.875561257216164
us-ne-033,-22.203353852685204
us-ne-035,-20.978792822185966
us-ne-037,-9.077209583587187
us-ne-039,-10.106499808895276
us-ne-041,-16.932059447983015
us-ne-043,-42.411211976429364
us-ne-045,-28.40043525571273
us-ne-047,-30.700636942675164
us-ne-049,-17.784552845528456
us-ne-051,-25.516271659673073
us-ne-053,-12.734314234176992
us-ne-055,-1.5167193099764886
us-ne-057,-13.641133263378801
us-ne-059,-27.575654539272353
us-ne-061,-19.485953377166766
us-ne-063,-16.415662650602414
us-ne-065,-17.90598290598291
us-ne-067,-36.504777070063696
us-ne-069,-19.162790697674414
us-ne-071,-16.224489795918362
us-ne-073,-21.386138613861384
us-ne-075,-9.382716049382712
us-ne-077,-22.382978723404257
us-ne-079,-34.68721668177697
us-ne-081,-24.40047961630696
us-ne-083,-18.34061135371179
us-ne-085,-8.171206225680939
us-ne-087,-16.076294277929158
us-ne-089,-14.927706135209062
us-ne-091,-14.868105515587526
us-ne-093,-23.714094856379432
us-ne-095,-31.339439038351458
us-ne-097,-35.13642891335568
us-ne-099,-23.209951456310684
us-ne-101,-19.80664352999504
us-ne-103,-3.9665970772442605
us-ne-105,-20.6917113893858
us-ne-107,-22.527339003645196
us-ne-109,-16.45611090103914
us-ne-111,-24.592399727233282
us-ne-113,-11.699779249448127
us-ne-115,-16.10389610389611
us-ne-117,-10.45296167247387
us-ne-119,-6.504094349576284
us-ne-121,-22.756071805702216
us-ne-123,-18.424626527840648
us-ne-125,-22.20851326341764
us-ne-127,-33.059158494147425
us-ne-129,-21.723356009070294
us-ne-131,-12.614825689133259
us-ne-133,-26.601356443104752
us-ne-135,-16.3573883161512
us-ne-137,-18.01916932907348
us-ne-139,-15.922865013774102
us-ne-141,-6.217775659557456
us-ne-143,-7.423264024826858
us-ne-145,-17.64023210831721
us-ne-147,-27.22733245729304
us-ne-149,-13.909774436090228
us-ne-151,-41.51090342679128
us-ne-153,-6.509046506662108
us-ne-155,-9.431827558298966
us-ne-157,-29.622127540685895
us-ne-159,-11.619583566202074
us-ne-161,-15.222392638036808
us-ne-163,-26.891290527654167
us-ne-165,-16.30434782608695
us-ne-167,-6.525007138371642
us-ne-169,-23.754646840148695
us-ne-171,-12.468193384223913
us-ne-173,-13.084855757269548
us-ne-175,-19.27437641723356
us-ne-177,-11.015664591970397
us-ne-179,-28.681144067796616
us-ne-181,-22.13114754098361
us-ne-183,-18.924731182795696
us-ne-185,-26.343833254975713
us-nv-001,-3.7429080940010073
us-nv-003,1.5631603894710633
us-nv-005,-6.627485293216429
us-nv-007,-2.7206941063711687
us-nv-009,-0.1319609395618926
us-nv-011,0.7468561194969858
us-nv-013,-5.105133822259322
us-nv-015,-0.2897944984168177
us-nv-017,-2.706585483851942
us-nv-019,-1.4846020644147973
us-nv-021,0.6004027004867907
us-nv-023,4.681390421878529
us-nv-027,-2.5427701084288934
us-nv-029,-3.55959739691164
us-nv-031,-7.019374689278612
us-nv-033,1.8908711888104168
us-nv-510,
us-nh-001,5.635198450582246
us-nh-003,5.192387936819509
us-nh-005,0.5987595807520341
us-nh-007,5.8123949297051505
us-nh-009,-0.7456061722081242
us-nh-011,0.7037265286504446
us-nh-013,1.489353739633642
us-nh-015,3.500847692153697
us-nh-017,5.153488650476573
us-nh-019,1.361181530485811
us-nj-001,-9.655655499062533
us-nj-003,2.6719339021619657
us-nj-005,-11.637300424498465
us-nj-007,-4.054444603371765
us-nj-009,-9.13439198643361
us-nj-011,5.191847212098804
us-nj-013,-1.9068227837143654
us-nj-015,-1.5364155787085387
us-nj-017,2.74012679103931
us-nj-019,-5.272052889025081
us-nj-021,-6.050139496070939
us-nj-023,3.373759807276855
us-nj-025,-2.612296324634855
us-nj-027,-10.874635978719772
us-nj-029,-3.7777490214694343
us-nj-031,1.764447803587943
us-nj-033,-8.182753571166156
us-nj-035,-5.376934697273739
us-nj-037,2.354870134091258
us-nj-039,-3.4826513920755477
us-nj-041,1.5730258618080861
us-nm-001,-0.26182797877170594
us-nm-003,-5.082649963779772
us-nm-005,-11.65657486931585
us-nm-006,-23.03141440330927
us-nm-007,5.506920797512555
us-nm-009,0.794604015049083
us-nm-011,-13.396068014083973
us-nm-013,-11.349341592290557
us-nm-015,-10.632975997139837
us-nm-017,-9.439076837661542
us-nm-019,-27.501600077154407
us-nm-021,3.4577271768922557
us-nm-023,-15.426395783538643
us-nm-025,-12.797566500846935
us-nm-027,-8.644709013020579
us-nm-028,-8.06272626859545
us-nm-029,-13.005197786854767
us-nm-031,-2.842544161059074
us-nm-033,1.691539133368558
us-nm-035,-12.183752778455649
us-nm-037,6.507513843656576
us-nm-039,3.130638990362808
us-nm-041,-5.322069027404275
us-nm-043,-2.312331251102923
us-nm-045,0.5242725656963709
us-nm-047,1.4253720383991504
us-nm-049,-1.6285625340979522
us-nm-051,-9.688737661324376
us-nm-053,-21.063130111843698
us-nm-055,-1.449596583920329
us-nm-057,8.888703967812395
us-nm-059,2.6544114096228477
us-nm-061,-12.284504945086926
us-ny-001,8.278059113553017
us-ny-003,0.29998461483614625
us-ny-005,3.9403960557155298
us-ny-007,10.920920033712667
us-ny-009,4.564396923597302
us-ny-011,-11.90804700238436
us-ny-013,3.3513984957378007
us-ny-015,-2.213446219065207
us-ny-017,9.080268672998992
us-ny-019,-4.42702539230837
us-ny-021,-6.01474288867267
us-ny-023,8.571887066190264
us-ny-025,0.5692981845631606
us-ny-027,3.9977266973339476
us-ny-029,7.68444859242341
us-ny-031,-6.959257025117976
us-ny-033,-5.759875886141719
us-ny-035,-5.224351312526787
us-ny-037,-1.7688321421037712
us-ny-039,-2.2573708841506
us-ny-041,-4.446750076289286
us-ny-043,14.693337511044192
us-ny-045,-12.8804151991724
us-ny-047,9.120441246967872
us-ny-049,-7.857312855853071
us-ny-051,-4.078583167561034
us-ny-053,7.272297993130156
us-ny-055,-3.843215952815704
us-ny-057,14.514282651495202
us-ny-059,2.4663754823816775
us-ny-061,-3.2993346759288666
us-ny-063,6.033722511755224
us-ny-065,10.179696701461571
us-ny-067,-14.948218371768263
us-ny-069,-6.3185906156077
us-ny-071,10.878484891803215
us-ny-073,0.2063167082178463
us-ny-075,-1.7118625793827724
us-ny-077,-1.237858414527182
us-ny-079,9.299201589231659
us-ny-081,4.978884666717781
us-ny-083,4.467133160554143
us-ny-085,-5.384303670156032
us-ny-087,45.090201129642374
us-ny-089,-8.905949624950383
us-ny-091,0.4897702031122053
us-ny-093,11.42673220407955
us-ny-095,0.8844490392212689
us-ny-097,-1.5697584045601731
us-ny-099,-2.0624740879333303
us-ny-101,-0.6160230816199652
us-ny-103,-1.2314020881848076
us-ny-105,4.278764733287216
us-ny-107,-0.012284424968567187
us-ny-109,-2.6079314105525055
us-ny-111,-0.5647059552457923
us-ny-113,-10.980385604486386
us-ny-115,-9.058472390492888
us-ny-117,-5.457038790103708
us-ny-119,27.675595994494557
us-ny-121,-2.2569418741042346
us-ny-123,-3.6282675035500533
us-nc-001,-3.622192612992381
us-nc-003,0.48994166372563486
us-nc-005,-0.5747936901219441
us-nc-007,-1.192067851965073
us-nc-009,0.9217662545726091
us-nc-011,-0.7409790707335939
us-nc-013,-7.344387982044031
us-nc-015,5.487420901034334
us-nc-017,0.17914512275174488
us-nc-019,-4.216069012828461
us-nc-021,-3.6609688488270287
us-nc-023,-1.3538608745464975
us-nc-025,-4.669375137513587
us-nc-027,-1.891128401945874
us-nc-029,-4.818428628596916
us-nc-031,-7.343578812053031
us-nc-033,-2.7167588432574052
us-nc-035,-3.6869832673520175
us-nc-037,-4.016709151737031
us-nc-039,1.6222477377036082
us-nc-041,-5.18126919425943
us-nc-043,1.4221107842177672
us-nc-045,-2.5131827028087472
us-nc-047,-1.9243807712466032
us-nc-049,-7.301491662142845
us-nc-051,-2.9431462272111797
us-nc-053,-5.834203710448604
us-nc-055,-7.984987334343474
us-nc-057,-2.518871475483264
us-nc-059,-6.3252600331153985
us-nc-061,0.12681027208312212
us-nc-063,-2.1396113040500877
us-nc-065,3.2545133259610615
us-nc-067,-3.9049112465611433
us-nc-069,-2.1699966380566704
us-nc-071,-3.626779372400768
us-nc-073,5.3680971531952615
us-nc-075,2.177490892117351
us-nc-077,2.7337452443795596
us-nc-079,-6.154851849469489
us-nc-081,-4.726862849330166
us-nc-083,3.95101074565451
us-nc-085,-1.209202593715475
us-nc-087,-1.5602443269210564
us-nc-089,-4.338149916268286
us-nc-091,3.4393399520193437
us-nc-093,-2.229654559300248
us-nc-095,-10.01432980599647
us-nc-097,-2.3379106701953645
us-nc-099,-1.0911611169481694
us-nc-101,-3.4250693214969097
us-nc-103,-6.37369745336982
us-nc-105,-1.9711312288874683
us-nc-107,-5.417240778526944
us-nc-109,-2.8649457143323342
us-nc-111,-0.9614255983452891
us-nc-113,0.7814494174734676
us-nc-115,-0.385246796862726
us-nc-117,6.209428348279583
us-nc-119,-5.996336036132687
us-nc-121,-1.448272076083168
us-nc-123,0.08487160697738805
us-nc-125,-4.67262680817131
us-nc-127,-2.0230886297303687
us-nc-129,-5.567008961622822
us-nc-131,3.8335978484321354
us-nc-133,-6.210907168590363
us-nc-135,-3.0505427164001233
us-nc-137,-6.457785974076547
us-nc-139,-4.617655082614592
us-nc-141,-2.7900392576010624
us-nc-143,-5.242588119557368
us-nc-145,-2.0660032725158706
us-nc-147,-6.230480944555461
us-nc-149,5.210706797099096
us-nc-151,-3.004011447601751
us-nc-153,-0.04701790310420728
us-nc-155,2.93406802116119
us-nc-157,-2.5856439096855754
us-nc-159,-1.726115950647067
us-nc-161,-0.007291713606749628
us-nc-163,-2.927249929375153
us-nc-165,-0.5251351073490174
us-nc-167,0.47009123966839095
us-nc-169,2.6062131215936146
us-nc-171,0.7922652974132971
us-nc-173,2.059351171924362
us-nc-175,-2.888429219965416
us-nc-177,-9.104487441044496
us-nc-179,-5.134024504968881
us-nc-181,3.292869299564943
us-nc-183,-5.025479313111108
us-nc-185,2.971209712947781
us-nc-187,5.793313274208723
us-nc-189,-3.3570064781414666
us-nc-191,-3.015029397354274
us-nc-193,1.685373883560204
us-nc-195,1.5222927523233898
us-nc-197,0.9554116133601243
us-nc-199,0.9636270959683779
us-nd-001,-8.12523370563657
us-nd-003,-5.232381565408161
us-nd-005,-6.166086524117348
us-nd-007,-2.348484848484844
us-nd-009,-5.756750932975175
us-nd-011,-3.6067402320076325
us-nd-013,-2.08870533047798
us-nd-015,-4.765980756606325
us-nd-017,-8.879607082580849
us-nd-019,-8.714760266925358
us-nd-021,-5.536023116408817
us-nd-023,-5.64131680790333
us-nd-025,-0.5095504925822891
us-nd-027,-3.559390085623304
us-nd-029,-1.2777301069146207
us-nd-031,-5.746328949676327
us-nd-033,-1.9230916831958988
us-nd-035,-9.98126671260675
us-nd-037,-5.001258762675221
us-nd-039,-5.283225894938958
us-nd-041,-3.9931910833550077
us-nd-043,-3.851744186046502
us-nd-045,-4.4754406612987125
us-nd-047,-2.319285582371533
us-nd-049,-6.005710012915511
us-nd-051,-5.195295085902407
us-nd-053,-0.2850920820780978
us-nd-055,-2.5361548939690226
us-nd-057,-1.5984791059030723
us-nd-059,-3.5261563281618447
us-nd-061,-0.18389966501215493
us-nd-063,-7.607201640880201
us-nd-065,-1.428349635149817
us-nd-067,-5.700226352113202
us-nd-069,-10.700651401708505
us-nd-071,-9.213565047683803
us-nd-073,-8.698539561227625
us-nd-075,-6.6268365098430255
us-nd-077,-3.3864951922108033
us-nd-079,0.8631293439089305
us-nd-081,-4.757135703555337
us-nd-083,-3.794646465626217
us-nd-085,1.538678712591754
us-nd-087,-0.39339274070854247
us-nd-089,-2.9737399969505196
us-nd-091,-10.31937449260284
us-nd-093,-4.957636072066318
us-nd-095,-8.272797145702548
us-nd-097,-8.247767964130137
us-nd-099,-10.613719546188916
us-nd-101,-7.142135838366048
us-nd-103,-6.454831805423378
us-nd-105,-1.6659303494627964
us-oh-001,-2.5974825123624035
us-oh-003,-5.422571662545883
us-oh-005,5.25805835401062
us-oh-007,-3.3061390285683556
us-oh-009,-4.124492204625185
us-oh-011,-4.02711588251341
us-oh-013,0.23699266365941885
us-oh-015,-3.262798124415356
us-oh-017,-4.840662421701536
us-oh-019,-1.9756369321344724
us-oh-021,-5.779879395349264
us-oh-023,-2.4251623610369477
us-oh-025,-9.098112902841592
us-oh-027,-5.523852237570049
us-oh-029,-3.2950008729105695
us-oh-031,-1.9879072472364312
us-oh-033,0.02229800069296628
us-oh-035,-4.6246276003593545
us-oh-037,-1.4210982228654467
us-oh-039,-10.184346728843286
us-oh-041,-17.070118182951088
us-oh-043,8.9824870873973
us-oh-045,-9.7279373852847
us-oh-047,-4.1701256930430475
us-oh-049,-10.009386202296772
us-oh-051,-11.598987375241432
us-oh-053,-1.863233367581174
us-oh-055,-11.511647482008557
us-oh-057,-11.78856137066825
us-oh-059,-4.632047122425098
us-oh-061,-10.749102941625333
us-oh-063,-11.50296488831385
us-oh-065,-6.071230305239716
us-oh-067,1.3959145752550528
us-oh-069,-12.576663229310746
us-oh-071,-3.1836052168238704
us-oh-073,-2.5311610069983947
us-oh-075,-6.534784366947588
us-oh-077,-0.02355127844807514
us-oh-079,-2.413466234484374
us-oh-081,-1.3757365250840703
us-oh-083,-3.0202316215263147
us-oh-085,-8.953682567324151
us-oh-087,-0.931363182546685
us-oh-089,-9.56576124675741
us-oh-091,-5.511046179975576
us-oh-093,0.4750380339340554
us-oh-095,-3.000983797327189
us-oh-097,-10.872463049645143
us-oh-099,9.847260111685108
us-oh-101,-3.675753999210707
us-oh-103,-7.2997905248521455
us-oh-105,-1.1575471744589283
us-oh-107,-2.61627489942462
us-oh-109,-5.352567515747619
us-oh-111,5.684770739555534
us-oh-113,-13.535555224601314
us-oh-115,-5.175057385820592
us-oh-117,-4.525582646462045
us-oh-119,-6.906462091195276
us-oh-121,0.34216619313738317
us-oh-123,0.520553122401124
us-oh-125,-3.482501808827032
us-oh-127,-4.497531988664383
us-oh-129,-7.671541388832759
us-oh-131,4.04251792906244
us-oh-133,2.4876703158802527
us-oh-135,-1.106092181584517
us-oh-137,-7.1773196015874285
us-oh-139,0.25672528442747256
us-oh-141,-5.175551299529491
us-oh-143,-2.4419975312907516
us-oh-145,0.7888113026315646
us-oh-147,-4.528092540650541
us-oh-149,-4.551711825614579
us-oh-151,-4.00224061729777
us-oh-153,-1.6259866473363416
us-oh-155,16.111330773335325
us-oh-157,-4.21292282594491
us-oh-159,-8.709428526665752
us-oh-161,-5.578027157753384
us-oh-163,1.2565978134479572
us-oh-165,-7.459985821886472
us-oh-167,2.304914190565066
us-oh-169,-8.041719096145627
us-oh-171,-9.508847248017126
us-oh-173,-14.287414316546487
us-oh-175,-9.636017572014755
us-ok-001,-4.508190654080691
us-ok-003,-3.035681866230533
us-ok-005,5.087714561249868
us-ok-007,-1.348947163434966
us-ok-009,-2.4340985434745277
us-ok-011,-5.565199050883196
us-ok-013,3.7501345423560983
us-ok-015,-4.80577710511575
us-ok-017,-5.618835034871084
us-ok-019,-0.6792525070422495
us-ok-021,-1.2041416087157586
us-ok-023,6.807833989848078
us-ok-025,-2.8410905682704657
us-ok-027,-5.476609553288081
us-ok-029,9.928988592414733
us-ok-031,-6.552705199467745
us-ok-033,-2.680660215841635
us-ok-035,-1.1599315612156769
us-ok-037,-1.202718599521302
us-ok-039,-7.088634285713768
us-ok-041,0.6182284410836458
us-ok-043,-1.9383440856122536
us-ok-045,-0.9125723792239193
us-ok-047,-5.883162936785302
us-ok-049,-0.957181085862191
us-ok-051,-1.4941160474193915
us-ok-053,0.8616050404652076
us-ok-055,-2.8107913766670767
us-ok-057,-5.470834449972928
us-ok-059,-2.589078535099998
us-ok-061,4.771236588418404
us-ok-063,9.553492019986598
us-ok-065,-4.016861831410134
us-ok-067,0.050872827115033825
us-ok-069,7.769412643106022
us-ok-071,-3.9498644016615403
us-ok-073,-4.269166296095783
us-ok-075,-5.904456334331631
us-ok-077,4.393962267129625
us-ok-079,7.841966293729163
us-ok-081,-2.9878762594657493
us-ok-083,-5.2974719155712275
us-ok-085,-0.26361287000505884
us-ok-087,-1.507243402281111
us-ok-089,7.140312047871388
us-ok-091,1.421790346783891
us-ok-093,-2.635704488412516
us-ok-095,4.581912007981737
us-ok-097,-0.12275737057715341
us-ok-099,-2.9520385847488284
us-ok-101,-1.5351667659504131
us-ok-103,-5.335583608287575
us-ok-105,0.8957578984884584
us-ok-107,2.250699032123371
us-ok-109,-4.438177118974817
us-ok-111,-1.1373314086282948
us-ok-113,-0.9290794740684616
us-ok-115,5.204238359593793
us-ok-117,-1.543525405296775
us-ok-119,-9.38451427542496
us-ok-121,2.751768645208985
us-ok-123,-4.102559062628453
us-ok-125,-0.45779247079781316
us-ok-127,5.4274901530592
us-ok-129,-1.1067437053157714
us-ok-131,-0.2991725875766238
us-ok-133,3.8924608429330543
us-ok-135,5.575050252482139
us-ok-137,-1.5275254759219536
us-ok-139,-4.093714960876749
us-ok-141,-5.552568882722852
us-ok-143,-41.60871712257239
us-ok-145,-26.50159744408945
us-ok-147,-28.793196544276455
us-ok-149,-3.808431339995755
us-ok-151,-5.723654799965261
us-ok-153,-4.047216819312382
us-or-001,-11.100159466160541
us-or-003,-2.081863642586934
us-or-005,11.076459716512648
us-or-007,3.6486275337176464
us-or-009,3.3475285753558346
us-or-011,8.641729724886604
us-or-013,-12.53396208468127
us-or-015,6.6730396679899995
us-or-017,-20.303230495389002
us-or-019,11.216771588083951
us-or-021,-20.48776222077556
us-or-023,-10.47867158510022
us-or-025,-9.012673522380199
us-or-027,-19.943078289548378
us-or-029,-17.090960167787628
us-or-031,-17.291999941047788
us-or-033,-8.642406884296284
us-or-035,-14.339497510049615
us-or-037,-8.900520643712184
us-or-039,3.3991806283871107
us-or-041,4.293498766638182
us-or-043,5.050685320005677
us-or-045,-10.6487509952364
us-or-047,-0.5777622640851188
us-or-049,-15.807669938146118
us-or-051,15.274481277764524
us-or-053,-0.8695090886156998
us-or-055,-14.548421515094457
us-or-057,5.349141454088913
us-or-059,-15.810094851164003
us-or-061,-15.18984677965256
us-or-063,-13.206977894444162
us-or-065,-20.162227397421006
us-or-067,-5.286302106675644
us-or-069,-13.250611246943766
us-or-071,-2.5152595705548455
us-pa-001,-6.334318477863732
us-pa-003,-8.553174525239221
us-pa-005,-25.725852362578284
us-pa-007,-1.1884304808626012
us-pa-009,20.771672957121623
us-pa-011,-3.861099426511838
us-pa-013,8.399804853918369
us-pa-015,-5.148139699483489
us-pa-017,-6.040568844431565
us-pa-019,-33.6279630373644
us-pa-021,1.4822125197110791
us-pa-023,-2.7994379210582676
us-pa-025,4.5298250867291445
us-pa-027,-9.05930069044768
us-pa-029,-11.04377943064926
us-pa-031,-9.223796323206745
us-pa-033,-1.6793583666036227
us-pa-035,-4.9145831486899105
us-pa-037,-3.3257426719747407
us-pa-039,-31.298342457757013
us-pa-041,-8.211267271119993
us-pa-043,-5.844730359371525
us-pa-045,-10.946905724645466
us-pa-047,-2.334151226920189
us-pa-049,-29.01495057532788
us-pa-051,1.7183447249454087
us-pa-053,-2.739520672272233
us-pa-055,4.612496322391502
us-pa-057,12.789582169482383
us-pa-059,-14.91065717126262
us-pa-061,-0.8960608218815946
us-pa-063,11.664264101253119
us-pa-065,1.0341890031166256
us-pa-067,-2.534599189863862
us-pa-069,8.773340680618169
us-pa-071,-2.9997187280969007
us-pa-073,-29.06400368191925
us-pa-075,-3.3355851463715003
us-pa-077,-7.8653696628112275
us-pa-079,2.566527933027729
us-pa-081,-3.5676577208506144
us-pa-083,-5.400109696690036
us-pa-085,-39.69680169760462
us-pa-087,-3.620731690031942
us-pa-089,-1.0867233337586824
us-pa-091,3.6849170139316376
us-pa-093,-4.02498280925343
us-pa-095,-4.0957171026108075
us-pa-097,-1.3969149325448793
us-pa-099,-3.930997856811569
us-pa-101,5.948625113007299
us-pa-103,-3.2333454087849045
us-pa-105,-3.916437849850518
us-pa-107,7.7869651358238645
us-pa-109,-4.139611027912505
us-pa-111,-0.8352896275287014
us-pa-113,-1.2756560004798856
us-pa-115,-4.909214836009578
us-pa-117,-4.592445058505545
us-pa-119,-4.2651084515839655
us-pa-121,-4.939228129448081
us-pa-123,-3.5221448809804157
us-pa-125,-29.811953678559423
us-pa-127,-3.8896895795848985
us-pa-129,-21.640455592371353
us-pa-131,-2.1123302587413684
us-pa-133,-6.743177020530922
us-ri-001,-4.803542106546632
us-ri-003,14.38154291293029
us-ri-005,-3.2576493899173773
us-ri-007,5.470804473392343
us-ri-009,8.625204362807587
us-sc-001,-3.492066722370246
us-sc-003,-3.527573027061026
us-sc-005,2.0944354655519497
us-sc-007,-5.618033832462466
us-sc-009,4.760157088549432
us-sc-011,-0.22195234143107534
us-sc-013,-4.505638326317262
us-sc-015,-2.3401930794129333
us-sc-017,4.1163532395277755
us-sc-019,-5.803238043795661
us-sc-021,-0.4632951388471196
us-sc-023,-0.04222490137961721
us-sc-025,-1.1011867486007798
us-sc-027,5.288205610531726
us-sc-029,4.193835025466125
us-sc-031,-0.20889597276768646
us-sc-033,-5.324256579436836
us-sc-035,-1.9058497811107356
us-sc-037,-3.4852965471539488
us-sc-039,-0.47972891042893373
us-sc-041,-3.1607878693725167
us-sc-043,-3.937133461511577
us-sc-045,-7.063549832638671
us-sc-047,-6.258990104371098
us-sc-049,7.014268185640921
us-sc-051,-3.03288030381893
us-sc-053,2.521894368311389
us-sc-055,-1.1010813704346978
us-sc-057,-1.8997068242864956
us-sc-059,-7.373745112820574
us-sc-061,1.1318176647489298
us-sc-063,-2.154094294998632
us-sc-065,-4.606583017751042
us-sc-067,-3.2079172715814233
us-sc-069,-1.6149058449276277
us-sc-071,
us-sc-073,-5.769378267336666
us-sc-075,2.1367113174075025
us-sc-077,-6.884286634535419
us-sc-079,-4.020173293821339
us-sc-081,-4.173858395805707
us-sc-083,-5.960378667567268
us-sc-085,0.24212106305342984
us-sc-087,
us-sc-089,4.5708594019032045
us-sc-091,-3.992800095224125
us-sd-003,3.848806635366453
us-sd-005,0.0411871871077274
us-sd-007,-5.282167559891892
us-sd-009,5.786787589722264
us-sd-011,-4.871606115476689
us-sd-013,-0.19041101081072043
us-sd-015,-0.5726703670567934
us-sd-017,-5.9183673469387745
us-sd-019,-2.068217283746754
us-sd-021,0.09251084635041318
us-sd-023,2.9123963959877486
us-sd-025,3.438624951635705
us-sd-027,-6.254543151482528
us-sd-029,-0.15966524953687777
us-sd-031,-5.1630461085981345
us-sd-033,-3.0116266929157476
us-sd-035,-0.7125441113982944
us-sd-037,2.2296920003508913
us-sd-039,-1.041208791208792
us-sd-041,-1.0504038843766772
us-sd-043,0.5587752426367776
us-sd-045,1.881477026203937
us-sd-047,-3.0384284815848206
us-sd-049,3.17087612552831
us-sd-051,-1.7030598742660996
us-sd-053,3.8737446197991354
us-sd-055,0.18657337997668444
us-sd-057,0.403916019495032
us-sd-059,1.4174908518584273
us-sd-061,1.289402488319702
us-sd-063,0.4584157564290092
us-sd-065,-4.412771506641677
us-sd-067,-0.6739671347054998
us-sd-069,4.055882721463478
us-sd-071,-2.601185450298882
us-sd-073,2.1080183176040213
us-sd-075,-1.351273647288831
us-sd-077,0.5559804041273875
us-sd-079,-1.1707926995504714
us-sd-081,-5.475219891642846
us-sd-083,-4.681393059254136
us-sd-085,2.691680541013719
us-sd-087,1.4379884211934146
us-sd-089,-1.141497933045732
us-sd-091,-2.5866590993129157
us-sd-093,-3.140974401711105
us-sd-095,-1.6037809595642716
us-sd-097,2.8002699055330704
us-sd-099,-3.7324431699884197
us-sd-101,6.732259195633283
us-sd-103,-4.7649679331172585
us-sd-105,-0.9838570908441535
us-sd-107,0.07490578257036695
us-sd-109,-0.8844177191267621
us-sd-111,1.7161894741325456
us-sd-113,-9.597226916535543
us-sd-115,-0.15670803620710938
us-sd-117,0.9287399255001771
us-sd-119,1.0969457773739477
us-sd-121,-4.596584440227705
us-sd-123,3.3356140256780797
us-sd-125,-0.05227612220062294
us-sd-127,-6.4998991838661535
us-sd-129,-0.38825871738464857
us-sd-135,-1.2597391945487368
us-sd-137,0.521512385919165
us-tn-001,-2.1676617997295144
us-tn-003,3.4359422671066397
us-tn-005,2.967975927405686
us-tn-007,6.525589235809825
us-tn-009,-9.555318993647589
us-tn-011,2.9154284305598077
us-tn-013,0.33862096410569587
us-tn-015,4.953294932439267
us-tn-017,1.492714370258208
us-tn-019,0.29805954073688357
us-tn-021,4.4485512083719865
us-tn-023,-2.676515548031966
us-tn-025,-4.744545837929881
us-tn-027,0.4257843737991651
us-tn-029,-0.18641871851116099
us-tn-031,2.0009161971983658
us-tn-033,-0.06410617727383716
us-tn-035,2.3313127917888754
us-tn-037,-0.37712260243153994
us-tn-039,0.9279112937649492
us-tn-041,3.196478275350001
us-tn-043,6.87975781992326
us-tn-045,1.1769915876070902
us-tn-047,-2.3953383657787763
us-tn-049,3.111574300508635
us-tn-051,0.9872707819244986
us-tn-053,0.7800139720313126
us-tn-055,-1.0347477225108093
us-tn-057,-4.139610389610393
us-tn-059,-1.6838850970936958
us-tn-061,7.336522772507048
us-tn-063,-2.4390328408630757
us-tn-065,-3.6165405535551143
us-tn-067,-0.7416098468077559
us-tn-069,-9.755574311545379
us-tn-071,-0.48815729912418115
us-tn-073,0.4617597361377457
us-tn-075,-1.5369118518517466
us-tn-077,-1.4531809295351805
us-tn-079,10.429285084679908
us-tn-081,-0.951668458406385
us-tn-083,0.6632042070186417
us-tn-085,-0.7434864594539903
us-tn-087,3.5951091075481223
us-tn-089,-4.560462557822998
us-tn-091,0.40289971133955493
us-tn-093,-13.073890460983629
us-tn-095,6.822498284270006
us-tn-097,-2.7120905854397415
us-tn-099,2.1418114656614695
us-tn-101,2.2063418664578838
us-tn-103,-0.9753030001686702
us-tn-105,-7.36927414833316
us-tn-107,1.4598668273595239
us-tn-109,0.08719592820011224
us-tn-111,5.402712958683109
us-tn-113,-1.3810346681858987
us-tn-115,1.0975878327125321
us-tn-117,7.868560569113436
us-tn-119,0.8995769122701169
us-tn-121,7.114908911006346
us-tn-123,1.6873838694710708
us-tn-125,-7.1814424142035875
us-tn-127,4.320867102821991
us-tn-129,2.928921188550837
us-tn-131,5.788371173109141
us-tn-133,2.7132930001817046
us-tn-135,-0.6699598186825972
us-tn-137,4.110227632958152
us-tn-139,5.068223519143766
us-tn-141,-0.44255369947218126
us-tn-143,4.9899916736757755
us-tn-145,-0.1405783375361902
us-tn-147,1.4255058944268373
us-tn-149,1.936138079608174
us-tn-151,2.9560727070615855
us-tn-153,4.502534892955278
us-tn-155,-0.45041426311555055
us-tn-157,-37.247528941621695
us-tn-159,3.4050083838195966
us-tn-161,0.25886829954067103
us-tn-163,-3.4288811048727608
us-tn-165,-0.2358975678978137
us-tn-167,-2.335742848694211
us-tn-169,1.26166618634862
us-tn-171,-0.44559000234741797
us-tn-173,0.9567943745385943
us-tn-175,7.066351921082303
us-tn-177,8.975517495061158
us-tn-179,-4.204786719919018
us-tn-181,-0.49212617843408246
us-tn-183,52.559560041187545
us-tn-185,4.308111976617512
us-tn-187,-9.413335083726338
us-tn-189,0.2623268930518452
us-tx-001,-9.42000668496471
us-tx-003,-12.095838673957315
us-tx-005,-1.6638432758055877
us-tx-007,-1.9718664812386044
us-tx-009,-4.891619992351526
us-tx-011,0.4995102840352539
us-tx-013,11.061761109078072
us-tx-015,-3.152481590525824
us-tx-017,-15.887788932267455
us-tx-019,0.2220926299314807
us-tx-021,-2.5066383548224436
us-tx-023,-8.473374548134371
us-tx-025,-0.6570811524055808
us-tx-027,-4.856816261705543
us-tx-029,8.711457233976239
us-tx-031,-0.5502621377128869
us-tx-033,-5.5074084428291865
us-tx-035,-0.03374925122119343
us-tx-037,-13.74060945130725
us-tx-039,-5.585375330676712
us-tx-041,-8.126670271814241
us-tx-043,4.143914707975249
us-tx-045,-8.434549804123048
us-tx-047,7.747866540239423
us-tx-049,-7.535371014811698
us-tx-051,-1.6528589060056276
us-tx-053,-1.3155333903445587
us-tx-055,0.930134469195687
us-tx-057,-1.7202872478361386
us-tx-059,-6.359322238677811
us-tx-061,0.7868177829714051
us-tx-063,-14.690678982522876
us-tx-065,-3.3376625491227108
us-tx-067,-12.282616524266777
us-tx-069,-17.553259926077292
us-tx-071,-12.881908393048624
us-tx-073,-11.685722834126066
us-tx-075,-7.774408454854608
us-tx-077,-5.770448862601663
us-tx-079,-13.75067891468108
us-tx-081,-5.597350500284437
us-tx-083,-6.515629054310801
us-tx-085,-7.612223282062236
us-tx-087,-10.23441462146356
us-tx-089,-1.9344540430309198
us-tx-091,-2.4023398628866044
us-tx-093,-9.254224897488307
us-tx-095,-10.716611998976433
us-tx-097,-8.51839761323
us-tx-099,-1.7864863405185005
us-tx-101,-9.00268109764385
us-tx-103,1.7755526841603086
us-tx-105,6.1483319547835595
us-tx-107,-21.059524725556578
us-tx-109,3.7637114891028443
us-tx-111,-10.092913965455308
us-tx-113,-11.302950875098517
us-tx-115,-18.067335363494642
us-tx-117,-20.76908984738778
us-tx-119,-11.330730675112422
us-tx-121,-6.27401506970231
us-tx-123,-1.5346576716114946
us-tx-125,-10.41206901826821
us-tx-127,0.5259778685129279
us-tx-129,-6.424926812927534
us-tx-131,11.813875929373266
us-tx-133,-6.967405514268288
us-tx-135,-18.277364463110636
us-tx-137,2.1012025403215784
us-tx-139,-3.142306440438125
us-tx-141,24.33835145117693
us-tx-143,-5.596459576997459
us-tx-145,-3.0307302476373366
us-tx-147,-10.936898165655851
us-tx-149,-2.310649399268816
us-tx-151,-15.321170058012168
us-tx-153,-17.873048604918928
us-tx-155,-14.659312422470316
us-tx-157,-6.8099702531698725
us-tx-159,-8.15562076566282
us-tx-161,-1.0061842564770274
us-tx-163,1.0245619988970445
us-tx-165,-9.4189480634032
us-tx-167,-5.024375979571349
us-tx-169,-10.283576677962325
us-tx-171,-1.635977006805367
us-tx-173,-4.199226436096659
us-tx-175,1.515179534597011
us-tx-177,-2.5035530975717757
us-tx-179,-2.363748401157195
us-tx-181,-13.323522740635497
us-tx-183,-2.1039640591461573
us-tx-185,-25.889017098499945
us-tx-187,-1.7959030699935097
us-tx-189,-17.77954916241541
us-tx-191,-6.710012756013828
us-tx-193,0.0072571001258903145
us-tx-195,-4.171102896279299
us-tx-197,-12.318423347097252
us-tx-199,-8.255499105023356
us-tx-201,-6.907474732703712
us-tx-203,-1.5234103522684506
us-tx-205,-6.402346864567909
us-tx-207,-11.17612445020465
us-tx-209,-3.069933145139286
us-tx-211,-6.567785842917595
us-tx-213,-12.751925446690414
us-tx-215,2.9262264537471494
us-tx-217,-0.2043410163922843
us-tx-219,-10.85463366589564
us-tx-221,-9.194638096088227
us-tx-223,-12.27503014810204
us-tx-225,-25.715311864000956
us-tx-227,-11.812639266717873
us-tx-229,6.489208771912902
us-tx-231,-11.172040513775794
us-tx-233,-5.772327499123153
us-tx-235,-8.589501319908255
us-tx-237,-6.70536491150907
us-tx-239,-2.2200470869808364
us-tx-241,-12.348551995251755
us-tx-243,5.121746431570107
us-tx-245,-2.195040747919613
us-tx-247,7.855278908930662
us-tx-249,1.0882413243017974
us-tx-251,-1.4788398216519338
us-tx-253,-8.706460459966504
us-tx-255,4.651519832308604
us-tx-257,-15.620379173999977
us-tx-259,-2.3822195957008407
us-tx-261,6.239134633957888
us-tx-263,-8.523559461293894
us-tx-265,-1.1217012453553443
us-tx-267,-7.210132905262401
us-tx-269,-1.2168444079846852
us-tx-271,0.9705596894209023
us-tx-273,-2.4899614813117643
us-tx-275,-13.88045900420327
us-tx-277,-10.86150391220987
us-tx-279,-13.044257427482119
us-tx-281,-1.0156883350792012
us-tx-283,5.792078252228711
us-tx-285,-1.0342195697806589
us-tx-287,-1.0463186579606876
us-tx-289,-6.324891548983825
us-tx-291,-12.961795621982086
us-tx-293,-0.7368550211142688
us-tx-295,-7.454391150043326
us-tx-297,0.9528609212164585
us-tx-299,-4.387318173852983
us-tx-301,4.855769230769235
us-tx-303,-17.501310902978638
us-tx-305,-14.287976831530846
us-tx-307,-10.197234380956143
us-tx-309,-4.91602058490519
us-tx-311,16.405692741415034
us-tx-313,-21.869899743529963
us-tx-315,-18.508494363293437
us-tx-317,-8.915367723316326
us-tx-319,-10.141122321688634
us-tx-321,-0.8910925210193654
us-tx-323,-0.5075738236307525
us-tx-325,-0.9367562052584266
us-tx-327,-13.676279782967683
us-tx-329,-12.74546273675229
us-tx-331,-0.9840418278652452
us-tx-333,-7.266814719124193
us-tx-335,-11.387978142076493
us-tx-337,-6.048956750418066
us-tx-339,-26.544235505688263
us-tx-341,-15.816479623070922
us-tx-343,-11.467624303349943
us-tx-345,-3.018674214045902
us-tx-347,-3.103598839620747
us-tx-349,-1.5862357761914692
us-tx-351,-12.772712536405962
us-tx-353,-14.052129903043353
us-tx-355,-1.7488961445949636
us-tx-357,-5.350517955350032
us-tx-359,-5.841938707528316
us-tx-361,-12.104565101178677
us-tx-363,-10.651320007705634
us-tx-365,-0.24277601659039583
us-tx-367,-2.3080200778988647
us-tx-369,-11.72361791040888
us-tx-371,4.413979641210153
us-tx-373,-14.183532512242836
us-tx-375,-17.54197027774139
us-tx-377,0.9866817355848045
us-tx-379,-9.15303320376708
us-tx-381,-9.390544658749821
us-tx-383,0.7506321112515812
us-tx-385,-2.1432288814391187
us-tx-387,-12.191220526786529
us-tx-389,5.9067052226876635
us-tx-391,-1.2160516804553212
us-tx-393,1.0242314845202993
us-tx-395,-2.7651963455314954
us-tx-397,-15.457813354496485
us-tx-399,-8.120991547851686
us-tx-401,-1.6211125494738243
us-tx-403,0.7299843872259459
us-tx-405,0.3723065172284601
us-tx-407,-22.082567920332597
us-tx-409,-1.444093125301682
us-tx-411,-7.967946873979093
us-tx-413,1.0610303342014182
us-tx-415,-8.773819673671268
us-tx-417,-3.395203434117211
us-tx-419,-0.3527025453189614
us-tx-421,-7.733367636339128
us-tx-423,-3.187280357497402
us-tx-425,-1.816469037939139
us-tx-427,6.111109920400246
us-tx-429,-5.602843887273135
us-tx-431,-8.346542859211937
us-tx-433,-9.092695566100906
us-tx-435,0.7025618546658841
us-tx-437,-16.07097859231974
us-tx-439,-5.976896358922412
us-tx-441,-12.959632601006888
us-tx-443,11.520015046550258
us-tx-445,-15.046918448435619
us-tx-447,-7.1082503711168865
us-tx-449,-17.1023442662247
us-tx-451,-16.061570099192167
us-tx-453,-5.480709283281026
us-tx-455,-20.85213032581453
us-tx-457,-10.191706860325567
us-tx-459,-6.812317158192116
us-tx-461,2.5321298546701954
us-tx-463,0.7954376428272014
us-tx-465,-0.25764767387568277
us-tx-467,-6.177295669746874
us-tx-469,-2.098082991066408
us-tx-471,-34.91614467569206
us-tx-473,-2.061734770673107
us-tx-475,2.23623128995446
us-tx-477,-3.9336148390240577
us-tx-479,11.673017804499333
us-tx-481,-2.044151887256229
us-tx-483,-3.2527036508744223
us-tx-485,-14.259339233608358
us-tx-487,-14.35925939715652
us-tx-489,0.5255522413239566
us-tx-491,-5.484937007681423
us-tx-493,6.673513654250495
us-tx-495,-1.2520755255409077
us-tx-497,-4.581635072913992
us-tx-499,-6.084327344628104
us-tx-501,-13.159081191782175
us-tx-503,-6.589811512861621
us-tx-505,16.46233674435863
us-tx-507,1.3572663244546146
us-ut-001,-8.596100938910256
us-ut-003,-16.062238130001937
us-ut-005,-23.781935539853826
us-ut-007,-2.209568888742297
us-ut-009,1.6993554968238511
us-ut-011,-25.744771368135645
us-ut-013,-4.2686684001305375
us-ut-015,-7.346653075984621
us-ut-017,-11.388529798994151
us-ut-019,-7.4175349572932925
us-ut-021,-12.641850266255418
us-ut-023,-6.512623627629743
us-ut-025,-8.682124950988978
us-ut-027,-6.525614923116574
us-ut-029,-16.940555817859483
us-ut-031,-2.843229472859099
us-ut-033,-12.097417525731323
us-ut-035,-15.246988925020238
us-ut-037,-11.826639313625364
us-ut-039,-13.775228229265046
us-ut-041,-7.370720473845482
us-ut-043,-6.801087341720208
us-ut-045,-17.396979971065484
us-ut-047,-5.501255906567659
us-ut-049,-30.30112617477697
us-ut-051,-20.63629169346941
us-ut-053,-8.15245097085967
us-ut-055,-7.163382594417078
us-ut-057,-11.083270114201055
us-vt-001,27.833534759077295
us-vt-003,34.08894770151314
us-vt-005,39.317939609236234
us-vt-007,22.298544678606536
us-vt-009,51.48717948717949
us-vt-011,40.87618513848022
us-vt-013,36.180048661800484
us-vt-015,27.973671838269865
us-vt-017,34.179807495392176
us-vt-019,42.82393957001743
us-vt-021,42.13173976163949
us-vt-023,25.712539406806922
us-vt-025,24.095427435387673
us-vt-027,28.752338946805665
us-va-001,-8.351168686286725
us-va-003,-8.058075737882142
us-va-005,-2.7385286310200985
us-va-007,-3.532266334602996
us-va-009,-7.101609707974643
us-va-011,-4.1976311344197
us-va-013,-8.812144646795264
us-va-015,-3.7454326249465986
us-va-017,-7.956787760857676
us-va-019,-5.68962772749736
us-va-021,2.1607579258497545
us-va-023,-6.598411588183284
us-va-025,-4.582031583791812
us-va-027,7.827343076399174
us-va-029,-5.57674683942484
us-va-031,-4.658420281166875
us-va-033,-5.048584887430763
us-va-035,2.03317836893655
us-va-036,-1.1122568595460625
us-va-037,-4.049366316662817
us-va-041,-6.556544817735266
us-va-043,-6.260130493523031
us-va-045,-1.4666786229102668
us-va-047,-5.072976852910427
us-va-049,-5.816252701264024
us-va-051,9.628306075313676
us-va-053,-1.8791769841544181
us-va-057,-10.498926680606841
us-va-059,6.908756322684923
us-va-061,-6.119837545180562
us-va-063,-1.7099829470263672
us-va-065,-6.370239529679322
us-va-067,-2.92124939402969
us-va-069,-5.717153777305805
us-va-071,-2.544665373759669
us-va-073,-5.322239379988492
us-va-075,-7.055510984378676
us-va-077,2.036905612337725
us-va-079,-5.958571230848353
us-va-081,-0.8454253417959523
us-va-083,-3.404582394937228
us-va-085,-4.90628135441894
us-va-087,-7.460376424707355
us-va-089,-1.9492080081246033
us-va-091,-7.599272635006549
us-va-093,-1.4474602720786378
us-va-095,-11.126939160592663
us-va-097,-5.449548801550552
us-va-099,-7.365046238709072
us-va-101,-3.947638798149844
us-va-103,-8.090386062395094
us-va-105,3.8355371726935594
us-va-107,-11.556468320687562
us-va-109,-4.427003770464044
us-va-111,-3.6860327760889433
us-va-113,-4.307581436394825
us-va-115,-5.994748965048369
us-va-117,-4.618211118389581
us-va-119,-7.551634938515395
us-va-121,-6.223638677360832
us-va-125,-4.1068842045879626
us-va-127,-3.685607626187104
us-va-131,-10.571031650287738
us-va-133,-8.640711005224766
us-va-135,-4.448829103633378
us-va-137,-4.577691897264291
us-va-139,-3.0631010953693916
us-va-141,-0.20898412406440414
us-va-143,-2.5472503986307626
us-va-145,-5.374301760091549
us-va-147,-6.540612743474833
us-va-149,-2.8570999029953525
us-va-153,3.4571786517037073
us-va-155,-1.2157862837680389
us-va-157,-2.3393401768219246
us-va-159,-12.780822417619364
us-va-161,-8.216685093171316
us-va-163,-6.683030413726332
us-va-165,-3.3308771247692825
us-va-167,4.687021821356008
us-va-169,5.354339806279351
us-va-171,-5.8915369988326365
us-va-173,2.067243210684855
us-va-175,-2.6890809736291876
us-va-177,-5.523537285492841
us-va-179,-5.883470393991375
us-va-181,-2.487749333500905
us-va-183,-1.598003683289534
us-va-185,4.892186739893434
us-va-187,-4.790058187861545
us-va-191,1.42846627961013
us-va-193,-11.891749426307962
us-va-195,5.015656532348478
us-va-197,0.20382754776087086
us-va-199,-12.03830585725516
us-va-510,
us-va-515,
us-va-520,
us-va-530,
us-va-540,
us-va-550,
us-va-570,
us-va-580,
us-va-590,
us-va-595,-3.473464519976149
us-va-600,
us-va-610,
us-va-620,
us-va-630,
us-va-640,
us-va-650,
us-va-660,
us-va-670,
us-va-678,-11.189569779484327
us-va-680,
us-va-683,-6.674869713553538
us-va-685,-6.775010472343129
us-va-690,
us-va-700,
us-va-710,
us-va-720,
us-va-730,
us-va-735,-10.818457333549702
us-va-740,
us-va-750,
us-va-760,
us-va-770,
us-va-775,-8.54257771843191
us-va-790,
us-va-800,
us-va-810,
us-va-820,
us-va-830,
us-va-840,
us-wa-001,-33.61326442721791
us-wa-003,-5.6926958701934645
us-wa-005,-41.02740325140265
us-wa-007,-13.273602358422032
us-wa-009,3.200902696190855
us-wa-011,-12.982661946786722
us-wa-013,-6.051375846300255
us-wa-015,-10.656322072394907
us-wa-017,-24.971346910044712
us-wa-019,0.1257334931507037
us-wa-021,-44.32546374367622
us-wa-023,-8.436460395663604
us-wa-025,-34.671558597332954
us-wa-027,6.134830225435895
us-wa-029,1.2070540943745545
us-wa-031,0.03604328585409822
us-wa-033,-2.243397559973595
us-wa-035,0.37253638428189073
us-wa-037,-11.126491498350987
us-wa-039,-9.428633776469686
us-wa-041,-9.584953260262253
us-wa-043,-2.1080646393658142
us-wa-045,2.3779466947235983
us-wa-047,-43.77157568310807
us-wa-049,-9.282563892704454
us-wa-051,0.020874754305511
us-wa-053,-3.4975836862741527
us-wa-055,-2.545215876765944
us-wa-057,-0.6502522208483796
us-wa-059,-10.970448045394043
us-wa-061,-1.6068473077776424
us-wa-063,-8.122973255727267
us-wa-065,-0.8900026940564132
us-wa-067,-0.8949837260821714
us-wa-069,-8.268410738524523
us-wa-071,-12.331957822104922
us-wa-073,-3.227357952001314
us-wa-075,-10.45317817555057
us-wa-077,-46.321543408360135
us-wv-001,8.752340608790188
us-wv-003,-4.498903344663329
us-wv-005,3.1574502707601426
us-wv-007,19.401820099716673
us-wv-009,-8.611483070704274
us-wv-011,-14.005504677236036
us-wv-013,21.873632088573647
us-wv-015,27.682979572283777
us-wv-017,1.954000216130547
us-wv-019,7.156354351721617
us-wv-021,4.249600909530605
us-wv-023,2.8242921484413874
us-wv-025,19.13421468931931
us-wv-027,1.8540086703982217
us-wv-029,-3.666317192222468
us-wv-031,6.340640762461735
us-wv-033,2.1492679714806284
us-wv-035,18.95759083756262
us-wv-037,-10.267101667221734
us-wv-039,13.606850080664778
us-wv-041,12.393366795520855
us-wv-043,0.9666355399880922
us-wv-045,-1.9056706562500358
us-wv-047,9.367632518385506
us-wv-049,3.379113093862074
us-wv-051,-7.512542935976119
us-wv-053,-1.3593595476456555
us-wv-055,22.725169911327914
us-wv-057,-0.39639883110306195
us-wv-059,0.6733662850164635
us-wv-061,-3.2848588268301504
us-wv-063,26.62568223801422
us-wv-065,1.0014574512221208
us-wv-067,5.653079464016697
us-wv-069,-16.670013311805874
us-wv-071,7.22418728434604
us-wv-073,-0.6045985676592536
us-wv-075,17.903353891264718
us-wv-077,8.449341843402491
us-wv-079,13.808708120970802
us-wv-081,5.145018917466649
us-wv-083,11.378754174004769
us-wv-085,2.549301754283617
us-wv-087,17.35000780218413
us-wv-089,15.198028992668444
us-wv-091,24.17869767150679
us-wv-093,6.798024267153446
us-wv-095,-0.5691265287881997
us-wv-097,7.049515159216558
us-wv-099,-6.626064397202313
us-wv-101,4.409069538064047
us-wv-103,-3.059953820753858
us-wv-105,18.163921192320288
us-wv-107,-2.710840988296448
us-wv-109,8.771224377545472
us-wi-001,58.86462022825659
us-wi-003,1.5552884639725706
us-wi-005,1.6635760791872678
us-wi-007,1.3825281801399136
us-wi-009,-8.973112007076988
us-wi-011,57.9225325175593
us-wi-013,-1.2920080804795453
us-wi-015,-8.235112429065516
us-wi-017,24.13206958247045
us-wi-019,-4.334853462120125
us-wi-021,1.5906179712514512
us-wi-023,49.549777269796614
us-wi-025,-3.942685566191434
us-wi-027,-2.3998169651660572
us-wi-029,-8.568676319136042
us-wi-031,-0.6807777281222394
us-wi-033,51.94070292713202
us-wi-035,42.416226715792696
us-wi-037,-0.2556530856592576
us-wi-039,-0.9786226925535768
us-wi-041,-4.779554671992869
us-wi-043,50.76373431050916
us-wi-045,0.7137570849100827
us-wi-047,0.31659874047479386
us-wi-049,0.7055884217552766
us-wi-051,-0.6186403643527849
us-wi-053,43.50554852738848
us-wi-055,-7.5180686129057595
us-wi-057,39.75861501768237
us-wi-059,-11.844135031791241
us-wi-061,-6.394933580242834
us-wi-063,41.86134067460287
us-wi-065,2.9069181375748823
us-wi-067,-5.848036007810631
us-wi-069,-5.4583331850581835
us-wi-071,-0.347985346520463
us-wi-073,-8.048507390712
us-wi-075,-3.224789865649824
us-wi-077,4.861764650282174
us-wi-078,-8.38971241350332
us-wi-079,10.822905973012823
us-wi-081,46.90106722155882
us-wi-083,-4.048558696636018
us-wi-085,-5.916793208411275
us-wi-087,-5.854593541173891
us-wi-089,-8.541616658395846
us-wi-091,58.92532778690508
us-wi-093,53.1183799711188
us-wi-095,-3.2360610305698034
us-wi-097,44.94379354153007
us-wi-099,-1.3122737660326789
us-wi-101,-12.718755098374352
us-wi-103,37.85833010193046
us-wi-105,-7.7313846022519614
us-wi-107,0.37494616975642936
us-wi-109,-8.25253154236485
us-wi-111,1.2814753870326046
us-wi-113,-2.819867230346962
us-wi-115,-4.322622410368604
us-wi-117,-3.6772466303368723
us-wi-119,-4.18773510374314
us-wi-121,53.811093650049315
us-wi-123,49.17447968382657
us-wi-125,-6.520610960254003
us-wi-127,-10.712106693713253
us-wi-129,-0.9494504846641827
us-wi-131,-9.380573438418626
us-wi-133,-12.238598841010962
us-wi-135,-4.821310270558432
us-wi-137,1.7935057866767745
us-wi-139,-2.8343196385665346
us-wi-141,23.94433778556491
us-wy-001,1.2318741317547233
us-wy-003,5.994756694875281
us-wy-005,12.270609494451701
us-wy-007,12.05973258391313
us-wy-009,10.559766807754901
us-wy-011,14.226658398752356
us-wy-013,7.047194902001641
us-wy-015,5.238588188898752
us-wy-017,9.738607631222695
us-wy-019,8.034329673569719
us-wy-021,4.574975099753464
us-wy-023,3.796699483411059
us-wy-025,8.911249439071433
us-wy-027,12.129102641952183
us-wy-029,9.98007113591366
us-wy-031,13.181293575319074
us-wy-033,8.9935025072018
us-wy-035,9.508778803284857
us-wy-037,17.603577729034058
us-wy-039,-3.2499553655609303
us-wy-041,6.308709853846162
us-wy-043,5.612555635226924
us-wy-045,17.149169916137296
